-- phpMyAdmin SQL Dump
-- version 5.2.1
-- https://www.phpmyadmin.net/
--
-- Máy chủ: 127.0.0.1
-- Thời gian đã tạo: Th3 30, 2024 lúc 07:16 PM
-- Phiên bản máy phục vụ: 10.4.28-MariaDB
-- Phiên bản PHP: 8.1.17

SET SQL_MODE = "NO_AUTO_VALUE_ON_ZERO";
START TRANSACTION;
SET time_zone = "+00:00";


/*!40101 SET @OLD_CHARACTER_SET_CLIENT=@@CHARACTER_SET_CLIENT */;
/*!40101 SET @OLD_CHARACTER_SET_RESULTS=@@CHARACTER_SET_RESULTS */;
/*!40101 SET @OLD_COLLATION_CONNECTION=@@COLLATION_CONNECTION */;
/*!40101 SET NAMES utf8mb4 */;

--
-- Cơ sở dữ liệu: `e-commerce`
--

-- --------------------------------------------------------

--
-- Cấu trúc bảng cho bảng `account_type`
--

CREATE TABLE `account_type` (
  `type_account_id` bigint(20) UNSIGNED NOT NULL,
  `type_account_name` varchar(255) DEFAULT NULL
) ENGINE=InnoDB DEFAULT CHARSET=utf8mb4 COLLATE=utf8mb4_unicode_ci;

--
-- Đang đổ dữ liệu cho bảng `account_type`
--

INSERT INTO `account_type` (`type_account_id`, `type_account_name`) VALUES
(1, 'Admin'),
(2, 'Business '),
(3, 'Customer');

-- --------------------------------------------------------

--
-- Cấu trúc bảng cho bảng `discount`
--

CREATE TABLE `discount` (
  `discount_id` bigint(20) UNSIGNED NOT NULL,
  `created_by_user_id` bigint(20) UNSIGNED NOT NULL,
  `name` varchar(50) DEFAULT NULL,
  `description` text DEFAULT NULL,
  `discount_percent` decimal(11,2) DEFAULT NULL,
  `created_at` timestamp NULL DEFAULT NULL,
  `updated_at` timestamp NULL DEFAULT NULL,
  `deleted_at` timestamp NULL DEFAULT NULL
) ENGINE=InnoDB DEFAULT CHARSET=utf8mb4 COLLATE=utf8mb4_unicode_ci;

--
-- Đang đổ dữ liệu cho bảng `discount`
--

INSERT INTO `discount` (`discount_id`, `created_by_user_id`, `name`, `description`, `discount_percent`, `created_at`, `updated_at`, `deleted_at`) VALUES
(1, 1, '2w', NULL, NULL, NULL, NULL, NULL),
(2, 2, 'Nhat Anh', 'Co cai cu lon ma bu', 99.00, '2024-01-15 17:03:18', NULL, NULL);

-- --------------------------------------------------------

--
-- Cấu trúc bảng cho bảng `districts`
--

CREATE TABLE `districts` (
  `districts_id` bigint(20) UNSIGNED NOT NULL,
  `name` varchar(70) DEFAULT NULL,
  `province_id` bigint(20) UNSIGNED NOT NULL
) ENGINE=InnoDB DEFAULT CHARSET=utf8mb4 COLLATE=utf8mb4_general_ci;

--
-- Đang đổ dữ liệu cho bảng `districts`
--

INSERT INTO `districts` (`districts_id`, `name`, `province_id`) VALUES
(1, 'Quận 1', 1),
(2, 'Quận 2', 1),
(3, 'Quận 3', 1),
(4, 'Quận 4', 1),
(5, 'Quận 5', 1),
(6, 'Quận 6', 1),
(7, 'Quận 7', 1),
(8, 'Quận 8', 1),
(9, 'Quận 9', 1),
(10, 'Quận 10', 1),
(11, 'Quận 11', 1),
(12, 'Quận 12', 1),
(13, 'Bình Tân', 1),
(14, 'Bình Thạnh', 1),
(15, 'Gò Vấp', 1),
(16, 'Phú Nhuận', 1),
(17, 'Tân Bình', 1),
(18, 'Tân Phú', 1),
(19, 'Thủ Đức', 1),
(20, 'Hóc Môn', 1),
(21, 'Củ Chi', 1),
(22, 'Nhà Bè', 1),
(23, 'Cần Giờ', 1),
(24, 'Quận Ba Đình', 2),
(25, 'Quận Hoàn Kiếm', 2),
(26, 'Quận Hai Bà Trưng', 2),
(27, 'Quận Đống Đa', 2),
(28, 'Quận Tây Hồ', 2),
(29, 'Quận Cầu Giấy', 2),
(30, 'Quận Thanh Xuân', 2),
(31, 'Quận Hoàng Mai', 2),
(32, 'Quận Long Biên', 2),
(33, 'Huyện Sóc Sơn', 2),
(34, 'Huyện Đông Anh', 2),
(35, 'Huyện Gia Lâm', 2),
(36, 'Huyện Thanh Trì', 2),
(37, 'Huyện Nam Từ Liêm', 2),
(38, 'Huyện Bắc Từ Liêm', 2),
(39, 'Huyện Thanh Oai', 2),
(40, 'Huyện Mê Linh', 2),
(41, 'Quận Hồng Bàng', 3),
(42, 'Quận Ngô Quyền', 3),
(43, 'Quận Lê Chân', 3),
(44, 'Quận Hải An', 3),
(45, 'Quận Kiến An', 3),
(46, 'Quận Đồ Sơn', 3),
(47, 'Quận Dương Kinh', 3),
(48, 'Huyện An Lão', 3),
(49, 'Huyện Kiến Thuỵ', 3),
(50, 'Huyện Tiên Lãng', 3),
(51, 'Huyện Vĩnh Bảo', 3),
(52, 'Huyện Thuỷ Nguyên', 3),
(53, 'Huyện An Dương', 3),
(54, 'Huyện Tiên Lãng', 3),
(55, 'Quận Hải Châu', 4),
(56, 'Quận Thanh Khê', 4),
(57, 'Quận Sơn Trà', 4),
(58, 'Quận Ngũ Hành Sơn', 4),
(59, 'Quận Liên Chiểu', 4),
(60, 'Quận Cẩm Lệ', 4),
(61, 'Huyện Hòa Vang', 4),
(62, 'Huyện Hoàng Sa', 4),
(63, 'Quận Ninh Kiều', 5),
(64, 'Quận Ô Môn', 5),
(65, 'Quận Bình Thuỷ', 5),
(66, 'Quận Cái Răng', 5),
(67, 'Quận Thốt Nốt', 5),
(68, 'Huyện Vĩnh Thạnh', 5),
(69, 'Huyện Cờ Đỏ', 5),
(70, 'Huyện Phong Điền', 5),
(71, 'Huyện Thới Lai', 5),
(72, 'Thành phố Long Xuyên', 6),
(73, 'Thị xã Châu Đốc', 6),
(74, 'Huyện An Phú', 6),
(75, 'Huyện Tân Châu', 6),
(76, 'Huyện Châu Phú', 6),
(77, 'Huyện Phú Tân', 6),
(78, 'Huyện Châu Thành', 6),
(79, 'Huyện Thoại Sơn', 6),
(80, 'Huyện Chợ Mới', 6),
(81, 'Huyện Tri Tôn', 6),
(82, 'Thành phố Bà Rịa', 7),
(83, 'Thành phố Vũng Tàu', 7),
(84, 'Thị xã Long Điền', 7),
(85, 'Huyện Châu Đức', 7),
(86, 'Huyện Xuyên Mộc', 7),
(87, 'Huyện Long Hải', 7),
(88, 'Huyện Đất Đỏ', 7),
(89, 'Huyện Côn Đảo', 7),
(90, 'Thành phố Bắc Giang', 8),
(91, 'Huyện Yên Thế', 8),
(92, 'Huyện Tân Yên', 8),
(93, 'Huyện Lạng Giang', 8),
(94, 'Huyện Hiệp Hòa', 8),
(95, 'Huyện Lục Nam', 8),
(96, 'Huyện Lục Ngạn', 8),
(97, 'Huyện Sơn Động', 8),
(98, 'Huyện Yên Dũng', 8),
(99, 'Thành phố Bắc Kạn', 9),
(100, 'Huyện Pác Nặm', 9),
(101, 'Huyện Ba Bể', 9),
(102, 'Huyện Ngân Sơn', 9),
(103, 'Huyện Bạch Thông', 9),
(104, 'Huyện Chợ Đồn', 9),
(105, 'Huyện Chợ Mới', 9),
(106, 'Huyện Na Rì', 9),
(107, 'Thành phố Bạc Liêu', 10),
(108, 'Thị xã Hồng Dân', 10),
(109, 'Huyện Phước Long', 10),
(110, 'Huyện Vĩnh Lợi', 10),
(111, 'Huyện Giá Rai', 10),
(112, 'Huyện Đông Hải', 10),
(113, 'Huyện Hòa Bình', 10),
(114, 'Thành phố Bắc Ninh', 11),
(115, 'Thị xã Từ Sơn', 11),
(116, 'Huyện Quế Võ', 11),
(117, 'Huyện Gia Bình', 11),
(118, 'Huyện Yên Phong', 11),
(119, 'Huyện Lương Tài', 11),
(120, 'Thành phố Bến Tre', 12),
(121, 'Thị xã Bến Tre', 12),
(122, 'Huyện Châu Thành', 12),
(123, 'Huyện Chợ Lách', 12),
(124, 'Huyện Mỏ Cày Bắc', 12),
(125, 'Huyện Giồng Trôm', 12),
(126, 'Huyện Bình Đại', 12),
(127, 'Huyện Ba Tri', 12),
(128, 'Huyện Thạnh Phú', 12),
(129, 'Thành phố Quy Nhơn', 13),
(130, 'Thị xã An Nhơn', 13),
(131, 'Huyện Hoài  n', 13),
(132, 'Huyện Phù Mỹ', 13),
(133, 'Huyện Vĩnh Thạnh', 13),
(134, 'Huyện Tây Sơn', 13),
(135, 'Huyện Phù Cát', 13),
(136, 'Huyện An Lão', 13),
(137, 'Huyện Hoài Nhơn', 13),
(138, 'Huyện Vân Canh', 13),
(139, 'Thị xã Thủ Dầu Một', 14),
(140, 'Thành phố Dĩ An', 14),
(141, 'Thị xã Bến Cát', 14),
(142, 'Huyện Phú Giáo', 14),
(143, 'Huyện Tân Uyên', 14),
(144, 'Huyện Dầu Tiếng', 14),
(145, 'Huyện Bàu Bàng', 14),
(146, 'Thị xã Đồng Xoài', 15),
(147, 'Thị xã Bình Long', 15),
(148, 'Huyện Bù Gia Mập', 15),
(149, 'Huyện Lộc Ninh', 15),
(150, 'Huyện Bù Đốp', 15),
(151, 'Huyện Hớn Quản', 15),
(152, 'Huyện Đồng Phú', 15),
(153, 'Huyện Chơn Thành', 15),
(154, 'Thành phố Phan Thiết', 16),
(155, 'Thị xã La Gi', 16),
(156, 'Huyện Bắc Bình', 16),
(157, 'Huyện Hàm Thuận Bắc', 16),
(158, 'Huyện Hàm Thuận Nam', 16),
(159, 'Huyện Tánh Linh', 16),
(160, 'Huyện Đức Linh', 16),
(161, 'Huyện Hàm Tân', 16),
(162, 'Huyện Phú Quí', 16),
(163, 'Thành phố Cà Mau', 17),
(164, 'Huyện U Minh', 17),
(165, 'Huyện Thới Bình', 17),
(166, 'Huyện Trần Văn Thời', 17),
(167, 'Huyện Cái Nước', 17),
(168, 'Huyện Đầm Dơi', 17),
(169, 'Huyện Năm Căn', 17),
(170, 'Huyện Ngọc Hiển', 17),
(171, 'Thành phố Cao Bằng', 18),
(172, 'Thị xã Bảo Lộc', 18),
(173, 'Huyện Bảo Lâm', 18),
(174, 'Huyện Bảo Lạc', 18),
(175, 'Huyện Hạ Lang', 18),
(176, 'Huyện Hà Quảng', 18),
(177, 'Huyện Thạch An', 18),
(178, 'Huyện Quảng Hòa', 18),
(179, 'Huyện Trùng Khánh', 18),
(180, 'Huyện Nguyên Bình', 18),
(181, 'Huyện Hòa An', 18),
(182, 'Thành phố Buôn Ma Thuột', 19),
(183, 'Thị xã Buôn Hồ', 19),
(184, 'Huyện Ea Hleo', 19),
(185, 'Huyện Krông Buk', 19),
(186, 'Huyện Krông Năng', 19),
(187, 'Huyện Krông Pắc', 19),
(188, 'Huyện Krông A Na', 19),
(189, 'Huyện Lắk', 19),
(190, 'Huyện MĐrắk', 19),
(191, 'Huyện Cư Kuin', 19),
(192, 'Huyện Krông Bông', 19),
(193, 'Huyện Ea Súp', 19),
(194, 'Thị xã Gia Nghĩa', 20),
(195, 'Huyện Đắk Glong', 20),
(196, 'Huyện Cư Jút', 20),
(197, 'Huyện Đắk Mil', 20),
(198, 'Huyện Krông Nô', 20),
(199, 'Huyện Đắk Song', 20),
(200, 'Huyện Đắk RLấp', 20),
(201, 'Huyện Tuy Đức', 20),
(202, 'Thành phố Điện Biên Phủ', 21),
(203, 'Thị xã Mường Lay', 21),
(204, 'Huyện Mường Nhé', 21),
(205, 'Huyện Mường Chà', 21),
(206, 'Huyện Tủa Chùa', 21),
(207, 'Huyện Tuần Giáo', 21),
(208, 'Huyện Điện Biên', 21),
(209, 'Huyện Điện Biên Đông', 21),
(210, 'Huyện Mường Ảng', 21),
(211, 'Thành phố Biên Hòa', 22),
(212, 'Thị xã Long Khánh', 22),
(213, 'Huyện Tân Phú', 22),
(214, 'Huyện Vĩnh Cửu', 22),
(215, 'Huyện Định Quán', 22),
(216, 'Huyện Trảng Bom', 22),
(217, 'Huyện Thống Nhất', 22),
(218, 'Huyện Long Thành', 22),
(219, 'Huyện Xuân Lộc', 22),
(220, 'Thành phố Cao Lãnh', 23),
(221, 'Thị xã Hồng Ngự', 23),
(222, 'Huyện Tân Hồng', 23),
(223, 'Huyện Hồng Ngự', 23),
(224, 'Huyện Tam Nông', 23),
(225, 'Huyện Tháp Mười', 23),
(226, 'Huyện Cao Lãnh', 23),
(227, 'Huyện Lấp Vò', 23),
(228, 'Huyện Lai Vung', 23),
(229, 'Huyện Châu Thành', 23),
(230, 'Thành phố Pleiku', 24),
(231, 'Thị xã An Khê', 24),
(232, 'Thị xã Ayun Pa', 24),
(233, 'Huyện Chư Păh', 24),
(234, 'Huyện Chư Prông', 24),
(235, 'Huyện Chư Sê', 24),
(236, 'Huyện Chư Pưh', 24),
(237, 'Huyện Ia Grai', 24),
(238, 'Huyện Ia Pa', 24),
(239, 'Huyện KBang', 24),
(240, 'Huyện Kông Chro', 24),
(241, 'Huyện Đăk Đoa', 24),
(242, 'Huyện Đức Cơ', 24),
(243, 'Huyện Ia Pa', 24),
(244, 'Thành phố Hà Giang', 25),
(245, 'Huyện Đồng Văn', 25),
(246, 'Huyện Mèo Vạc', 25),
(247, 'Huyện Yên Minh', 25),
(248, 'Huyện Quản Bạ', 25),
(249, 'Huyện Vị Xuyên', 25),
(250, 'Huyện Bắc Mê', 25),
(251, 'Huyện Hoàng Su Phì', 25),
(252, 'Huyện Xín Mần', 25),
(253, 'Huyện Bắc Quang', 25),
(254, 'Thành phố Phủ Lý', 26),
(255, 'Thị xã Duy Tiên', 26),
(256, 'Huyện Kim Bảng', 26),
(257, 'Huyện Thanh Liêm', 26),
(258, 'Huyện Bình Lục', 26),
(259, 'Huyện Lý Nhân', 26),
(260, 'Thành phố Hà Tĩnh', 27),
(261, 'Thị xã Hồng Lĩnh', 27),
(262, 'Huyện Hương Sơn', 27),
(263, 'Huyện Đức Thọ', 27),
(264, 'Huyện Nghi Xuân', 27),
(265, 'Huyện Can Lộc', 27),
(266, 'Huyện Hương Khê', 27),
(267, 'Huyện Thạch Hà', 27),
(268, 'Huyện Cẩm Xuyên', 27),
(269, 'Thành phố Hải Dương', 28),
(270, 'Thị xã Chí Linh', 28),
(271, 'Huyện Nam Sách', 28),
(272, 'Huyện Kinh Môn', 28),
(273, 'Huyện Thanh Hà', 28),
(274, 'Huyện Cẩm Giàng', 28),
(275, 'Huyện Bình Giang', 28),
(276, 'Huyện Gia Lộc', 28),
(277, 'Huyện Tứ Kỳ', 28),
(278, 'Huyện Ninh Giang', 28),
(279, 'Huyện Thanh Miện', 28),
(280, 'Thành phố Vị Thanh', 29),
(281, 'Thị xã Ngã Bảy', 29),
(282, 'Huyện Long Mỹ', 29),
(283, 'Huyện Vị Thủy', 29),
(284, 'Huyện Châu Thành A', 29),
(285, 'Huyện Châu Thành', 29),
(286, 'Huyện Phụng Hiệp', 29),
(287, 'Huyện Châu Thành B', 29),
(288, 'Thành phố Hòa Bình', 30),
(289, 'Huyện Đà Bắc', 30),
(290, 'Huyện Mai Châu', 30),
(291, 'Huyện Lạc Sơn', 30),
(292, 'Huyện Kỳ Sơn', 30),
(293, 'Huyện Lạc Thủy', 30),
(294, 'Huyện Cao Phong', 30),
(295, 'Huyện Kim Bôi', 30),
(296, 'Huyện Lương Sơn', 30),
(297, 'Huyện Yên Thủy', 30);

-- --------------------------------------------------------

--
-- Cấu trúc bảng cho bảng `field`
--

CREATE TABLE `field` (
  `field_id` bigint(20) UNSIGNED NOT NULL,
  `field_name` varchar(255) DEFAULT NULL,
  `icon_field` varchar(50) DEFAULT NULL
) ENGINE=InnoDB DEFAULT CHARSET=utf8mb4 COLLATE=utf8mb4_unicode_ci;

--
-- Đang đổ dữ liệu cho bảng `field`
--

INSERT INTO `field` (`field_id`, `field_name`, `icon_field`) VALUES
(1, 'Smartphone', 'smart_phone.svg'),
(2, 'E-device', 'electronic_device.svg'),
(3, 'Laptops', 'computers_and_laptops.svg'),
(4, 'Watch', 'watch.svg'),
(5, 'Book', 'book.svg'),
(6, 'Toy', 'toy.svg'),
(7, 'Furniture', 'furniture.svg'),
(8, 'Vehicle', 'vehicle.svg'),
(9, 'Jewelry', 'jewelry.svg'),
(10, 'Houseware', 'houseware.svg');

-- --------------------------------------------------------

--
-- Cấu trúc bảng cho bảng `notification`
--

CREATE TABLE `notification` (
  `notification_id` bigint(20) UNSIGNED NOT NULL,
  `user_id` bigint(20) UNSIGNED NOT NULL,
  `title` varchar(50) DEFAULT NULL,
  `content` varchar(150) DEFAULT NULL,
  `read` int(1) DEFAULT NULL,
  `created_at` timestamp NULL DEFAULT NULL,
  `updated_at` timestamp NULL DEFAULT NULL
) ENGINE=InnoDB DEFAULT CHARSET=utf8mb4 COLLATE=utf8mb4_general_ci;

--
-- Đang đổ dữ liệu cho bảng `notification`
--

INSERT INTO `notification` (`notification_id`, `user_id`, `title`, `content`, `read`, `created_at`, `updated_at`) VALUES
(1, 50, 'wjad', 'hakwgjdgahw', 1, '2024-03-26 16:17:06', '2024-03-26 16:17:09');

-- --------------------------------------------------------

--
-- Cấu trúc bảng cho bảng `order`
--

CREATE TABLE `order` (
  `order_id` bigint(20) UNSIGNED NOT NULL,
  `user_id` bigint(20) UNSIGNED NOT NULL,
  `order_status_id` bigint(20) UNSIGNED NOT NULL,
  `shipping_method_id` bigint(20) UNSIGNED NOT NULL,
  `shop_id` bigint(20) UNSIGNED NOT NULL,
  `order_address` varchar(200) NOT NULL,
  `order_phone` varchar(14) NOT NULL,
  `order_note` varchar(200) DEFAULT NULL,
  `order_name` varchar(200) NOT NULL,
  `total` decimal(11,2) DEFAULT NULL,
  `created_at` timestamp NULL DEFAULT NULL,
  `updated_at` timestamp NULL DEFAULT NULL
) ENGINE=InnoDB DEFAULT CHARSET=utf8mb4 COLLATE=utf8mb4_unicode_ci;

--
-- Đang đổ dữ liệu cho bảng `order`
--

INSERT INTO `order` (`order_id`, `user_id`, `order_status_id`, `shipping_method_id`, `shop_id`, `order_address`, `order_phone`, `order_note`, `order_name`, `total`, `created_at`, `updated_at`) VALUES
(84, 50, 3, 2, 50, 'Cong Hoa, Tân Định, Quận 3, Thành phố Hồ Chí Minh', '+84896899384', 'ewrwa', 'DU BUI VAN', 3722.97, '2024-02-23 06:07:19', '2024-02-23 06:07:19'),
(85, 50, 1, 2, 50, 'Cong Hoa, Tân Định, Quận 3, Thành phố Hồ Chí Minh', '+84896899384', 'ewrwa', 'DU BUI VAN', 3722.97, '2024-02-23 09:02:42', '2024-02-23 09:02:42'),
(86, 50, 2, 1, 61, 'Cong Hoa, An Hòa, Quận Lê Chân, Hải Phòng', '+84896899384', NULL, 'DU BUI VAN', 3288.20, '2024-02-23 09:03:14', '2024-02-23 09:03:14'),
(87, 50, 2, 1, 61, 'Cong Hoa, Nguyễn Thái Bình, Quận 1, Thành phố Hồ Chí Minh', '+84896899384', 'ewrwa', 'DU BUI VAN', 702.22, '2024-02-23 09:04:35', '2024-02-23 09:04:35'),
(88, 50, 4, 3, 61, 'Cong Hoa, Tân Định, Quận 3, Thành phố Hồ Chí Minh', '+84896899384', NULL, 'DU BUI VAN', 506.84, '2024-02-24 06:26:30', '2024-02-24 06:26:30'),
(89, 70, 1, 1, 61, 'Cong Hoa, Thảo Điền, Quận 2, Thành phố Hồ Chí Minh', '+84896899384', NULL, 'DU BUI VAN', 661.64, '2024-03-26 23:45:23', '2024-03-26 23:45:23'),
(90, 72, 1, 1, 61, 'Cong Hoa, An Khánh, Quận 3, Thành phố Hồ Chí Minh', '+84896899384', NULL, 'DU BUI VAN', 1318.28, '2024-03-25 23:51:27', '2024-03-26 23:51:27'),
(91, 73, 1, 1, 61, 'Long Street, 4, Quận 4, Thành phố Hồ Chí Minh', '0896899384', NULL, 'DU BUI VAN', 5258.12, '2024-02-26 23:53:08', '2024-03-26 23:53:08'),
(92, 71, 1, 2, 61, 'Cong Hoa, Nguyễn Thái Bình, Quận 1, Thành phố Hồ Chí Minh', '+84896899384', NULL, 'DU BUI VAN', 3949.84, '2024-03-28 08:28:05', '2024-03-28 08:28:05');

-- --------------------------------------------------------

--
-- Cấu trúc bảng cho bảng `order_items`
--

CREATE TABLE `order_items` (
  `order_items_id` bigint(20) UNSIGNED NOT NULL,
  `order_id` bigint(20) UNSIGNED NOT NULL,
  `product_id` bigint(20) UNSIGNED NOT NULL,
  `quantity` int(11) DEFAULT NULL,
  `created_at` timestamp NULL DEFAULT NULL,
  `updated_at` timestamp NULL DEFAULT NULL
) ENGINE=InnoDB DEFAULT CHARSET=utf8mb4 COLLATE=utf8mb4_unicode_ci;

--
-- Đang đổ dữ liệu cho bảng `order_items`
--

INSERT INTO `order_items` (`order_items_id`, `order_id`, `product_id`, `quantity`, `created_at`, `updated_at`) VALUES
(56, 86, 1, 3, NULL, NULL),
(57, 86, 9, 4, NULL, NULL),
(58, 85, 9, 4, NULL, NULL),
(59, 86, 1, 5, NULL, NULL),
(60, 87, 2, 2, NULL, NULL),
(61, 88, 3, 4, NULL, NULL),
(62, 89, 1, 1, NULL, NULL),
(63, 90, 1, 2, NULL, NULL),
(64, 91, 1, 8, NULL, NULL),
(65, 92, 1, 6, NULL, NULL);

-- --------------------------------------------------------

--
-- Cấu trúc bảng cho bảng `order_status`
--

CREATE TABLE `order_status` (
  `order_status_id` bigint(20) UNSIGNED NOT NULL,
  `order_status_name` varchar(20) DEFAULT NULL
) ENGINE=InnoDB DEFAULT CHARSET=utf8mb4 COLLATE=utf8mb4_unicode_ci;

--
-- Đang đổ dữ liệu cho bảng `order_status`
--

INSERT INTO `order_status` (`order_status_id`, `order_status_name`) VALUES
(1, 'Processing'),
(2, 'Shipped'),
(3, 'Delivered'),
(4, 'Cancled');

-- --------------------------------------------------------

--
-- Cấu trúc bảng cho bảng `payment_type`
--

CREATE TABLE `payment_type` (
  `payment_type_id` bigint(20) UNSIGNED NOT NULL,
  `payment_type_name` varchar(50) DEFAULT NULL
) ENGINE=InnoDB DEFAULT CHARSET=utf8mb4 COLLATE=utf8mb4_unicode_ci;

--
-- Đang đổ dữ liệu cho bảng `payment_type`
--

INSERT INTO `payment_type` (`payment_type_id`, `payment_type_name`) VALUES
(1, 'Credit Card'),
(2, 'PayPal');

-- --------------------------------------------------------

--
-- Cấu trúc bảng cho bảng `personal_access_tokens`
--

CREATE TABLE `personal_access_tokens` (
  `id` bigint(20) UNSIGNED NOT NULL,
  `name` varchar(255) DEFAULT NULL,
  `token` varchar(64) DEFAULT NULL,
  `abilities` text DEFAULT NULL,
  `expires_at` timestamp NULL DEFAULT NULL,
  `tokenable_id` bigint(20) DEFAULT NULL,
  `tokenable_type` varchar(255) DEFAULT NULL,
  `updated_at` timestamp NULL DEFAULT NULL,
  `created_at` timestamp NULL DEFAULT NULL
) ENGINE=InnoDB DEFAULT CHARSET=utf8mb4 COLLATE=utf8mb4_unicode_ci;

--
-- Đang đổ dữ liệu cho bảng `personal_access_tokens`
--

INSERT INTO `personal_access_tokens` (`id`, `name`, `token`, `abilities`, `expires_at`, `tokenable_id`, `tokenable_type`, `updated_at`, `created_at`) VALUES
(3, 'google-token', '3ec203009fb86d554e0ca8ba50582f14338a4b686b3cdea5672a2230b65bb770', '[\"*\"]', NULL, 66, 'App\\Models\\User', '2024-03-26 02:10:31', '2024-03-26 02:10:31'),
(4, 'google-token', '9af8f330e2e4c4c2f874ae63b191bdc14f834f6feea0f126f51bb4248a27a206', '[\"*\"]', NULL, 66, 'App\\Models\\User', '2024-03-26 02:43:28', '2024-03-26 02:43:28'),
(5, 'google-token', '8e0fd30b8f39ec01f0f27ac40d0c394e4d7efe28c63ccecf971c3268b976bb76', '[\"*\"]', NULL, 1, 'App\\Models\\User', '2024-03-26 02:47:07', '2024-03-26 02:47:07'),
(6, 'google-token', '08efa7d376d360f3d79af86bdc488d4a0f47978667d9a08c0c28b0952daee88d', '[\"*\"]', NULL, 67, 'App\\Models\\User', '2024-03-26 05:52:13', '2024-03-26 05:52:13'),
(7, 'google-token', '4fae15bfe92dd8c581df2a39420cab70b915b050fc69fc4a355fce12eea5b427', '[\"*\"]', NULL, 1, 'App\\Models\\User', '2024-03-26 07:11:21', '2024-03-26 07:11:21'),
(8, 'google-token', '20dddde9759604709a1d7b4556813b1625925d4b71c24fe96c94ed447826ed60', '[\"*\"]', NULL, 66, 'App\\Models\\User', '2024-03-26 07:11:43', '2024-03-26 07:11:43'),
(9, 'google-token', '729be46cd3d0d5d1571bbcff2727629ff180238c210d676d8f6842cdb4384f01', '[\"*\"]', NULL, 1, 'App\\Models\\User', '2024-03-26 07:13:13', '2024-03-26 07:13:13'),
(10, 'google-token', '1052d056e759a92a5a769d97de35ffb4e7dd27b038f4356d862441293daae8fc', '[\"*\"]', NULL, 68, 'App\\Models\\User', '2024-03-26 07:13:59', '2024-03-26 07:13:59'),
(11, 'google-token', '07b5a2e44d332d77e591157e9ae01a106da14d247ea341ee7f18946d1212ba16', '[\"*\"]', NULL, 66, 'App\\Models\\User', '2024-03-26 07:14:38', '2024-03-26 07:14:38'),
(12, 'google-token', '08463023e11770b03b3992c086f9b089cfa58134942e898a45d209a888613661', '[\"*\"]', NULL, 68, 'App\\Models\\User', '2024-03-26 07:14:53', '2024-03-26 07:14:53'),
(13, 'google-token', '6a8964cb32b7d286b9f9e9860db8e8112e78ae278c94314d6d5d72b976b8e613', '[\"*\"]', NULL, 1, 'App\\Models\\User', '2024-03-26 07:15:03', '2024-03-26 07:15:03'),
(14, 'google-token', 'd70327e7e3d79cc74ab797ee73c1f13bc1a4e2220908b8a0c1fae1f199cdd8bd', '[\"*\"]', NULL, 1, 'App\\Models\\User', '2024-03-26 07:15:16', '2024-03-26 07:15:16'),
(15, 'google-token', '274da95389ff2098d83d5b72a467c2ad00055383ff863914ea04f251e36cf217', '[\"*\"]', NULL, 1, 'App\\Models\\User', '2024-03-26 07:17:23', '2024-03-26 07:17:23'),
(16, 'google-token', '2bbfed37f423611137f6e795d129d1613dd46b496cdf453f70d97b3fb1b8de7a', '[\"*\"]', NULL, 1, 'App\\Models\\User', '2024-03-26 07:30:48', '2024-03-26 07:30:48'),
(17, 'google-token', '86ff5dde30e75e1e722fae165361b430071cfc60fd97270e5d770e277ca15d69', '[\"*\"]', NULL, 1, 'App\\Models\\User', '2024-03-26 07:32:38', '2024-03-26 07:32:38'),
(18, 'google-token', 'cf56e25405a49cf944795dad19fbf4f0d15f6db25b4b1591382d7af343e984ae', '[\"*\"]', NULL, 69, 'App\\Models\\User', '2024-03-26 07:33:21', '2024-03-26 07:33:21'),
(19, 'google-token', '45b5cd68e9fd4ea595fe6a2fccb800d9689f19505a5bca97c1e8d8c00b25b2ab', '[\"*\"]', NULL, 1, 'App\\Models\\User', '2024-03-26 07:34:25', '2024-03-26 07:34:25'),
(20, 'google-token', '4a395588a0d858b28968dbd04fb0ba898ffa709ea1aae4c5bd7216bf62146728', '[\"*\"]', NULL, 1, 'App\\Models\\User', '2024-03-26 07:35:02', '2024-03-26 07:35:02'),
(21, 'google-token', '3991eee627358fd4e09b129a35306761f36383e02926ade2a1e60b8aaf10a945', '[\"*\"]', NULL, 1, 'App\\Models\\User', '2024-03-26 07:35:20', '2024-03-26 07:35:20'),
(22, 'google-token', 'e2a54fa93b141791173906a6ac8fc80077730d89d81ea2dbd64bb4039133aad3', '[\"*\"]', NULL, 1, 'App\\Models\\User', '2024-03-26 07:36:10', '2024-03-26 07:36:10'),
(23, 'google-token', '6f81a134cd2fd1dd8b71baba69830c318f52bb9ceb50e8268c8091f0cd381f11', '[\"*\"]', NULL, 1, 'App\\Models\\User', '2024-03-26 07:36:57', '2024-03-26 07:36:57'),
(24, 'google-token', 'e4f49e225f88ef827d2a1ea243ef618074b467f82a8ae71efb8c7380ef549e54', '[\"*\"]', NULL, 66, 'App\\Models\\User', '2024-03-26 07:37:19', '2024-03-26 07:37:19'),
(25, 'google-token', 'eb1d440875cc3b13b457b6921cbd629e5b3c91e013d4276604a8b3661435e62a', '[\"*\"]', NULL, 1, 'App\\Models\\User', '2024-03-26 07:40:41', '2024-03-26 07:40:41'),
(26, 'google-token', 'fa1f50528b95548bc79bc65bf9884859ee830120fd2ffc6bcd93a381ff991eca', '[\"*\"]', NULL, 1, 'App\\Models\\User', '2024-03-26 07:41:20', '2024-03-26 07:41:20'),
(27, 'google-token', 'a723e077e9a86d339d130975300c16e53ea1f569c5c78af3d5214b6b9e50f5e7', '[\"*\"]', NULL, 1, 'App\\Models\\User', '2024-03-26 07:42:02', '2024-03-26 07:42:02'),
(28, 'google-token', 'fad0899b531d6a0b8d86222a3e2fcf2e330d304bcb6eca58e69bc305d11481b4', '[\"*\"]', NULL, 1, 'App\\Models\\User', '2024-03-26 07:42:32', '2024-03-26 07:42:32'),
(29, 'google-token', '58b29402be562d1bef889db3b350a2eed6ae7460428483c587ec3a25418e9842', '[\"*\"]', NULL, 1, 'App\\Models\\User', '2024-03-26 07:49:08', '2024-03-26 07:49:08'),
(30, 'google-token', '68e0fe8baa9993c5d03b8fd9a2c9180cf5285a4ff72eb9724df1e3715c6c4e78', '[\"*\"]', NULL, 1, 'App\\Models\\User', '2024-03-26 07:50:20', '2024-03-26 07:50:20'),
(31, 'google-token', '53b9b3eef39d52c028c900d80cb84ca4419aa35db237b15ac16cb48cfd94cc85', '[\"*\"]', NULL, 1, 'App\\Models\\User', '2024-03-26 07:51:14', '2024-03-26 07:51:14'),
(32, 'google-token', 'd3715a205463a97349da65e11989bb86efa0a1b5d2cbfe80bec8a257dcb30dd8', '[\"*\"]', NULL, 1, 'App\\Models\\User', '2024-03-26 07:53:50', '2024-03-26 07:53:50'),
(33, 'google-token', '237669696aa2d5cf3562c4e79ec27ef74556cdec663cb5d9947094808b266e4e', '[\"*\"]', NULL, 68, 'App\\Models\\User', '2024-03-26 07:54:17', '2024-03-26 07:54:17'),
(34, 'google-token', 'ce885ef66a300e2359f8aeee1b9faa68cad3208bacf1a572c3cdc5bf4234f484', '[\"*\"]', NULL, 1, 'App\\Models\\User', '2024-03-26 07:54:42', '2024-03-26 07:54:42'),
(35, 'google-token', 'f5b7c03848097b1dc925aa6791039ccaa511d21bb62f7a738478cc93aca7891f', '[\"*\"]', NULL, 1, 'App\\Models\\User', '2024-03-26 07:58:55', '2024-03-26 07:58:55'),
(36, 'google-token', 'e0c4c320afab3d8b89f73dbcf83d19bae94edf2d9b1d512f653d0f3967ef7df5', '[\"*\"]', NULL, 1, 'App\\Models\\User', '2024-03-26 07:59:18', '2024-03-26 07:59:18'),
(37, 'google-token', '1cbbb7c404d65e2f0e3144805b871fb2f343414d818aee9009de1ce25171f142', '[\"*\"]', NULL, 69, 'App\\Models\\User', '2024-03-26 07:59:29', '2024-03-26 07:59:29'),
(38, 'google-token', '17567c48b8e8d31f3eeb61a094f4990588690d3d21225037b928e4b438966112', '[\"*\"]', NULL, 66, 'App\\Models\\User', '2024-03-26 08:00:22', '2024-03-26 08:00:22'),
(39, 'google-token', '544ab6e4de9031e43c122ce56f793593b0ec0aaa34e8528eadf522e40afdbed2', '[\"*\"]', NULL, 1, 'App\\Models\\User', '2024-03-26 08:00:42', '2024-03-26 08:00:42'),
(40, 'google-token', 'b504188bafc701ac28d51cceacee2f63849977cca42b5a49dbc428030f8da324', '[\"*\"]', NULL, 70, 'App\\Models\\User', '2024-03-26 08:00:55', '2024-03-26 08:00:55'),
(41, 'google-token', 'c89dfb80f02930ae163943f278ce1d62756bd65f5e52acac34d2594d8697340f', '[\"*\"]', NULL, 1, 'App\\Models\\User', '2024-03-26 08:02:57', '2024-03-26 08:02:57'),
(42, 'google-token', '7bdef282785af615558c3597915e15e02e57bf479db8c2a0c7be2b8f5f775a3d', '[\"*\"]', NULL, 1, 'App\\Models\\User', '2024-03-26 08:04:53', '2024-03-26 08:04:53'),
(43, 'google-token', 'd6bd211a36143732e04db1bb17478806feb2cdf18defa8afa5672679b2129a5e', '[\"*\"]', NULL, 71, 'App\\Models\\User', '2024-03-26 08:05:25', '2024-03-26 08:05:25'),
(44, 'google-token', 'b34db5a097152ee8013f6905470f9f00e48b818bb4fe8a3eacd2f564a527c495', '[\"*\"]', NULL, 1, 'App\\Models\\User', '2024-03-26 08:05:51', '2024-03-26 08:05:51'),
(45, 'google-token', 'f2c40b4ea50e92fabde09508ee0a8758fb90701676e5a8a73c3bbf46b78dd080', '[\"*\"]', NULL, 70, 'App\\Models\\User', '2024-03-26 08:06:19', '2024-03-26 08:06:19'),
(46, 'google-token', 'c3713e8dc96f38f4cc998f006466a1eb6fc800d8e3408ac58da80efa70520693', '[\"*\"]', NULL, 1, 'App\\Models\\User', '2024-03-26 08:07:20', '2024-03-26 08:07:20'),
(47, 'google-token', 'cd21657e22f80ea3ff882d9a873e92a6f047b33f1cd36d2bc9c836a3af8cbec3', '[\"*\"]', NULL, 1, 'App\\Models\\User', '2024-03-26 08:09:22', '2024-03-26 08:09:22'),
(48, 'google-token', 'cf089b2f168f558ad5eb5463ccc18b0e7aec75577e960860968ffd4a018876a3', '[\"*\"]', NULL, 70, 'App\\Models\\User', '2024-03-26 08:10:14', '2024-03-26 08:10:14'),
(49, 'google-token', '5e86ffefc8419d3036590642fb773aa9dbcf6c234d2468326fce53840209a0d6', '[\"*\"]', NULL, 1, 'App\\Models\\User', '2024-03-26 08:11:50', '2024-03-26 08:11:50'),
(50, 'google-token', '9e604dc4fa4001c4a414e0a72ade3b57909401716c02404203a0cc95f169bec8', '[\"*\"]', NULL, 70, 'App\\Models\\User', '2024-03-26 08:13:38', '2024-03-26 08:13:38'),
(51, 'google-token', '5fd6f9cb10723d4851245d83334eda2d83c9a91bcaefcc45decbd4d18f04a93f', '[\"*\"]', NULL, 1, 'App\\Models\\User', '2024-03-26 08:14:37', '2024-03-26 08:14:37'),
(52, 'google-token', '59d5b66e399199b37569cf17836a753c1e75f28e944a3b0f5a41a3030c37890e', '[\"*\"]', NULL, 1, 'App\\Models\\User', '2024-03-26 08:15:35', '2024-03-26 08:15:35'),
(53, 'google-token', '32976b08557f8236e4ddc4cffb6edcf6c0ef97a24f1240d316d97a4568416d01', '[\"*\"]', NULL, 1, 'App\\Models\\User', '2024-03-26 08:16:43', '2024-03-26 08:16:43'),
(54, 'google-token', '9ec9e9cfcd348480474f067872e41bf33e4ec455d392ed6f35aa3c74c4741ed9', '[\"*\"]', NULL, 70, 'App\\Models\\User', '2024-03-26 08:19:10', '2024-03-26 08:19:10'),
(55, 'google-token', 'b19a748905e361c99b0e3331e439f071b6220fde09df438bd6f1ff585e19c20a', '[\"*\"]', NULL, 72, 'App\\Models\\User', '2024-03-26 08:19:30', '2024-03-26 08:19:30'),
(56, 'google-token', '2fab0a7c3315b146ad1e95b814835d987b3537fe3ba5a0277125f1a05dd205a4', '[\"*\"]', NULL, 1, 'App\\Models\\User', '2024-03-26 23:44:39', '2024-03-26 23:44:39'),
(57, 'google-token', '0961b9b1621e7067efcf4ee079e5cb7630b47546a2a2fdef2d1611663b41c1fb', '[\"*\"]', NULL, 70, 'App\\Models\\User', '2024-03-26 23:44:52', '2024-03-26 23:44:52'),
(58, 'google-token', '2458f031d0c2836e830cad1efa959e1fa9a864ed6d3dbf2683e22e785a0ad9fd', '[\"*\"]', NULL, 72, 'App\\Models\\User', '2024-03-26 23:51:01', '2024-03-26 23:51:01'),
(59, 'google-token', '5f6514d24888e699ef71962843fad6d48c7dfccb972c4a56537c3ec1a1e65ed5', '[\"*\"]', NULL, 73, 'App\\Models\\User', '2024-03-26 23:52:01', '2024-03-26 23:52:01'),
(60, 'google-token', 'e9c94c0401581ff66bf2736b8e25149b44bb5f8be4f9c759c617727ed45d57e6', '[\"*\"]', NULL, 73, 'App\\Models\\User', '2024-03-26 23:52:28', '2024-03-26 23:52:28'),
(61, 'google-token', '54c09998b8b54fa33a6d47eb2f05f54288ceafc050eb0e6d0a00d529e48671b8', '[\"*\"]', NULL, 1, 'App\\Models\\User', '2024-03-28 08:05:23', '2024-03-28 08:05:23'),
(62, 'google-token', 'd504c00b686b0795ae29862445b4aa474a09e69add04b75e1cff4bfd3029a868', '[\"*\"]', NULL, 73, 'App\\Models\\User', '2024-03-28 08:05:34', '2024-03-28 08:05:34'),
(63, 'google-token', '32fbbdb50818cc3681db079b87da535f04bfa6a0bca950b18cc6f25403097cb4', '[\"*\"]', NULL, 71, 'App\\Models\\User', '2024-03-28 08:06:37', '2024-03-28 08:06:37'),
(64, 'google-token', 'e3ebffac173c1ebe5332965b43949744db9e542d937429c44332c68cd76703aa', '[\"*\"]', NULL, 71, 'App\\Models\\User', '2024-03-28 08:26:31', '2024-03-28 08:26:31'),
(65, 'google-token', '3b09e45b513e67aafdf1cf299fa3150ed46940e8848d31a1e5b7b7c3449eddc3', '[\"*\"]', NULL, 71, 'App\\Models\\User', '2024-03-28 08:26:59', '2024-03-28 08:26:59'),
(66, 'google-token', 'dd9ef3fd4d73f7004c94016c1ea96a44a68c7fe470682470c59675797d6727c7', '[\"*\"]', NULL, 71, 'App\\Models\\User', '2024-03-28 08:27:35', '2024-03-28 08:27:35');

-- --------------------------------------------------------

--
-- Cấu trúc bảng cho bảng `product`
--

CREATE TABLE `product` (
  `product_id` bigint(20) UNSIGNED NOT NULL,
  `name` varchar(50) DEFAULT NULL,
  `description` text DEFAULT NULL,
  `created_by_user_id` bigint(20) UNSIGNED NOT NULL,
  `product_brand_id` bigint(20) UNSIGNED NOT NULL,
  `product_category_id` bigint(20) UNSIGNED NOT NULL,
  `price` decimal(11,2) DEFAULT NULL,
  `stock` int(11) DEFAULT NULL,
  `discount_id` bigint(20) UNSIGNED DEFAULT NULL,
  `created_at` timestamp NULL DEFAULT NULL,
  `updated_at` timestamp NULL DEFAULT NULL,
  `deleted_at` timestamp NULL DEFAULT NULL
) ENGINE=InnoDB DEFAULT CHARSET=utf8mb4 COLLATE=utf8mb4_unicode_ci;

--
-- Đang đổ dữ liệu cho bảng `product`
--

INSERT INTO `product` (`product_id`, `name`, `description`, `created_by_user_id`, `product_brand_id`, `product_category_id`, `price`, `stock`, `discount_id`, `created_at`, `updated_at`, `deleted_at`) VALUES
(1, 'Smartphones 1d', 'Description for Smartphones 1', 61, 7, 1, 656.64, -7, 1, '2024-01-06 01:31:30', '2024-03-28 08:28:05', NULL),
(2, 'Smartphones 2', 'Description for Smartphones 2', 9, 4, 1, 348.61, 22, 2, '2024-01-06 01:31:30', '2024-02-23 09:04:35', NULL),
(3, 'Smartphones 3', 'Description for Smartphones 3', 61, 2, 1, 123.21, 79, 1, '2024-01-06 01:31:30', '2024-02-24 06:26:30', NULL),
(4, 'Smartphones 4', 'Description for Smartphones 4', 1, 9, 1, 147.45, 80, 2, '2024-01-06 01:31:30', '2024-01-06 01:31:30', NULL),
(5, 'Smartphones 5', 'Description for Smartphones 5', 4, 1, 1, 364.84, 31, 2, '2024-01-06 01:31:30', '2024-01-06 01:31:30', NULL),
(6, 'Smartphones 6', 'Description for Smartphones 6', 10, 3, 1, 551.26, 70, 1, '2024-01-06 01:31:30', '2024-02-23 02:31:39', NULL),
(7, 'Smartphones 7', 'Description for Smartphones 7', 4, 7, 1, 181.98, 52, 1, '2024-01-06 01:31:30', '2024-01-06 01:31:30', NULL),
(8, 'Smartphones 8', 'Description for Smartphones 8', 9, 7, 1, 620.94, 9, 2, '2024-01-06 01:31:30', '2024-02-23 05:55:59', NULL),
(9, 'Smartphones 9', 'Description for Smartphones 9', 10, 1, 1, 469.66, 77, 2, '2024-01-06 01:31:30', '2024-02-23 09:02:42', NULL),
(10, 'Smartphones 10', 'Description for Smartphones 10', 1, 9, 1, 155.78, 76, 2, '2024-01-06 01:31:30', '2024-01-06 01:31:30', NULL),
(16, 'Tablets 1', 'Description for Tablets 1', 6, 10, 2, 247.74, 89, 2, '2024-01-06 01:33:05', '2024-01-06 01:33:05', NULL),
(17, 'Tablets 2', 'Description for Tablets 2', 7, 8, 2, 798.36, 58, 2, '2024-01-06 01:33:05', '2024-01-06 01:33:05', NULL),
(18, 'Tablets 3', 'Description for Tablets 3', 4, 7, 2, 374.12, 52, 2, '2024-01-06 01:33:05', '2024-01-06 01:33:05', NULL),
(19, 'Tablets 4', 'Description for Tablets 4', 3, 7, 2, 542.79, 44, 2, '2024-01-06 01:33:05', '2024-01-06 01:33:05', NULL),
(20, 'Tablets 5', 'Description for Tablets 5', 7, 10, 2, 692.73, 58, 2, '2024-01-06 01:33:05', '2024-01-06 01:33:05', NULL),
(21, 'Tablets 6', 'Description for Tablets 6', 9, 7, 2, 691.00, 45, 1, '2024-01-06 01:33:05', '2024-01-06 01:33:05', NULL),
(22, 'Tablets 7', 'Description for Tablets 7', 2, 7, 2, 143.46, 17, 2, '2024-01-06 01:33:05', '2024-01-06 01:33:05', NULL),
(23, 'Tablets 8', 'Description for Tablets 8', 5, 6, 2, 515.71, 68, 2, '2024-01-06 01:33:05', '2024-01-06 01:33:05', NULL),
(24, 'Tablets 9', 'Description for Tablets 9', 9, 3, 2, 578.55, 93, 1, '2024-01-06 01:33:05', '2024-01-06 01:33:05', NULL),
(25, 'Tablets 10', 'Description for Tablets 10', 6, 4, 2, 467.47, 84, 1, '2024-01-06 01:33:05', '2024-02-23 02:40:14', NULL),
(31, 'Power Banks 1', 'Description for Power Banks 1', 9, 3, 3, 767.81, 100, 2, '2024-01-06 01:34:58', '2024-01-06 01:34:58', NULL),
(32, 'Power Banks 2', 'Description for Power Banks 2', 2, 1, 3, 606.17, 77, 1, '2024-01-06 01:34:58', '2024-01-06 01:34:58', NULL),
(33, 'Power Banks 3', 'Description for Power Banks 3', 6, 7, 3, 805.19, 88, 1, '2024-01-06 01:34:58', '2024-01-06 01:34:58', NULL),
(34, 'Power Banks 4', 'Description for Power Banks 4', 5, 3, 3, 705.49, 70, 1, '2024-01-06 01:34:58', '2024-01-06 01:34:58', NULL),
(35, 'Power Banks 5', 'Description for Power Banks 5', 7, 7, 3, 425.29, 79, 2, '2024-01-06 01:34:58', '2024-01-06 01:34:58', NULL),
(36, 'Power Banks 6', 'Description for Power Banks 6', 8, 10, 3, 570.09, 83, 2, '2024-01-06 01:34:58', '2024-01-06 01:34:58', NULL),
(37, 'Power Banks 7', 'Description for Power Banks 7', 3, 3, 3, 696.26, 56, 2, '2024-01-06 01:34:58', '2024-01-06 01:34:58', NULL),
(38, 'Power Banks 8', 'Description for Power Banks 8', 7, 4, 3, 694.84, 34, 2, '2024-01-06 01:34:58', '2024-01-06 01:34:58', NULL),
(39, 'Power Banks 9', 'Description for Power Banks 9', 1, 4, 3, 833.22, 88, 2, '2024-01-06 01:34:58', '2024-01-06 01:34:58', NULL),
(40, 'Power Banks 10', 'Description for Power Banks 10', 3, 2, 3, 790.10, 52, 1, '2024-01-06 01:34:58', '2024-01-06 01:34:58', NULL),
(46, 'SIM Cards 1', 'Description for SIM Cards 1', 2, 4, 4, 215.60, 73, 1, '2024-01-06 01:35:21', '2024-01-06 01:35:21', NULL),
(47, 'SIM Cards 2', 'Description for SIM Cards 2', 7, 1, 4, 346.64, 19, 1, '2024-01-06 01:35:21', '2024-01-06 01:35:21', NULL),
(48, 'SIM Cards 3', 'Description for SIM Cards 3', 7, 8, 4, 812.90, 71, 1, '2024-01-06 01:35:21', '2024-01-06 01:35:21', NULL),
(49, 'SIM Cards 4', 'Description for SIM Cards 4', 1, 8, 4, 343.94, 24, 1, '2024-01-06 01:35:21', '2024-01-06 01:35:21', NULL),
(50, 'SIM Cards 5', 'Description for SIM Cards 5', 2, 1, 4, 616.51, 83, 1, '2024-01-06 01:35:21', '2024-01-06 01:35:21', NULL),
(51, 'SIM Cards 6', 'Description for SIM Cards 6', 7, 1, 4, 611.25, 14, 2, '2024-01-06 01:35:21', '2024-01-06 01:35:21', NULL),
(52, 'SIM Cards 7', 'Description for SIM Cards 7', 6, 1, 4, 707.37, 84, 1, '2024-01-06 01:35:21', '2024-01-06 01:35:21', NULL),
(53, 'SIM Cards 8', 'Description for SIM Cards 8', 9, 29, 4, 577.74, 42, 1, '2024-01-06 01:35:21', '2024-01-06 01:35:21', NULL),
(54, 'SIM Cards 9', 'Description for SIM Cards 9', 5, 1, 4, 348.02, 23, 1, '2024-01-06 01:35:21', '2024-01-06 01:35:21', NULL),
(55, 'SIM Cards 10', 'Description for SIM Cards 10', 3, 1, 4, 663.31, 95, 2, '2024-01-06 01:35:21', '2024-01-06 01:35:21', NULL),
(61, 'Smart TVs 1', 'Description for Smart TVs 1', 6, 1, 5, 577.06, 80, 1, '2024-01-06 01:35:49', '2024-01-06 01:35:49', NULL),
(62, 'Smart TVs 2', 'Description for Smart TVs 2', 8, 1, 5, 793.75, 83, 2, '2024-01-06 01:35:49', '2024-01-06 01:35:49', NULL),
(63, 'Smart TVs 3', 'Description for Smart TVs 3', 61, 1, 5, 273.92, 57, 1, '2024-01-06 01:35:49', '2024-01-06 01:35:49', NULL),
(64, 'Smart TVs 4', 'Description for Smart TVs 4', 61, 1, 5, 740.02, 55, 2, '2024-01-06 01:35:49', '2024-01-06 01:35:49', NULL),
(65, 'Smart TVs 5', 'Description for Smart TVs 5', 4, 1, 5, 988.49, 29, 1, '2024-01-06 01:35:49', '2024-01-06 01:35:49', NULL),
(66, 'Smart TVs 6', 'Description for Smart TVs 6', 10, 1, 5, 606.23, 92, 2, '2024-01-06 01:35:49', '2024-01-06 01:35:49', NULL),
(67, 'Smart TVs 7', 'Description for Smart TVs 7', 8, 12, 5, 583.35, 22, 1, '2024-01-06 01:35:49', '2024-01-06 01:35:49', NULL),
(68, 'Smart TVs 8', 'Description for Smart TVs 8', 10, 13, 5, 279.32, 30, 2, '2024-01-06 01:35:49', '2024-01-06 01:35:49', NULL),
(69, 'Smart TVs 9', 'Description for Smart TVs 9', 9, 17, 5, 875.11, 24, 2, '2024-01-06 01:35:49', '2024-01-06 01:35:49', NULL),
(70, 'Smart TVs 10', 'Description for Smart TVs 10', 2, 14, 5, 261.24, 89, 2, '2024-01-06 01:35:49', '2024-01-06 01:35:49', NULL),
(76, 'Speakers 1', 'Description for Speakers 1', 1, 20, 6, 337.74, 59, 1, '2024-01-06 01:36:30', '2024-01-06 01:36:30', NULL),
(77, 'Speakers 2', 'Description for Speakers 2', 5, 11, 6, 130.66, 100, 2, '2024-01-06 01:36:30', '2024-01-06 01:36:30', NULL),
(78, 'Speakers 3', 'Description for Speakers 3', 8, 18, 6, 604.32, 57, 1, '2024-01-06 01:36:30', '2024-01-06 01:36:30', NULL),
(79, 'Speakers 4', 'Description for Speakers 4', 1, 11, 6, 174.26, 26, 1, '2024-01-06 01:36:30', '2024-01-06 01:36:30', NULL),
(80, 'Speakers 5', 'Description for Speakers 5', 8, 18, 6, 519.80, 10, 1, '2024-01-06 01:36:30', '2024-01-06 01:36:30', NULL),
(81, 'Speakers 6', 'Description for Speakers 6', 5, 15, 6, 939.48, 30, 2, '2024-01-06 01:36:30', '2024-01-06 01:36:30', NULL),
(82, 'Speakers 7', 'Description for Speakers 7', 9, 13, 6, 658.01, 36, 2, '2024-01-06 01:36:30', '2024-01-06 01:36:30', NULL),
(83, 'Speakers 8', 'Description for Speakers 8', 10, 17, 6, 474.79, 16, 2, '2024-01-06 01:36:30', '2024-01-06 01:36:30', NULL),
(84, 'Speakers 9', 'Description for Speakers 9', 6, 19, 6, 729.32, 88, 1, '2024-01-06 01:36:30', '2024-01-06 01:36:30', NULL),
(85, 'Speakers 10', 'Description for Speakers 10', 1, 15, 6, 108.44, 74, 2, '2024-01-06 01:36:30', '2024-01-06 01:36:30', NULL),
(91, 'Headphones 1', 'Description for Headphones 1', 1, 14, 7, 870.24, 16, 1, '2024-01-06 01:36:51', '2024-01-06 01:36:51', NULL),
(92, 'Headphones 2', 'Description for Headphones 2', 10, 12, 7, 732.29, 18, 2, '2024-01-06 01:36:51', '2024-01-06 01:36:51', NULL),
(93, 'Headphones 3', 'Description for Headphones 3', 4, 12, 7, 493.25, 84, 2, '2024-01-06 01:36:51', '2024-01-06 01:36:51', NULL),
(94, 'Headphones 4', 'Description for Headphones 4', 10, 13, 7, 449.57, 24, 2, '2024-01-06 01:36:51', '2024-01-06 01:36:51', NULL),
(95, 'Headphones 5', 'Description for Headphones 5', 1, 13, 7, 947.26, 2, 1, '2024-01-06 01:36:51', '2024-01-06 01:36:51', NULL),
(96, 'Headphones 6', 'Description for Headphones 6', 2, 13, 7, 598.52, 10, 2, '2024-01-06 01:36:51', '2024-01-06 01:36:51', NULL),
(97, 'Headphones 7', 'Description for Headphones 7', 10, 11, 7, 659.26, 82, 1, '2024-01-06 01:36:51', '2024-01-06 01:36:51', NULL),
(98, 'Headphones 8', 'Description for Headphones 8', 1, 20, 7, 869.97, 35, 1, '2024-01-06 01:36:51', '2024-01-06 01:36:51', NULL),
(99, 'Headphones 9', 'Description for Headphones 9', 4, 15, 7, 200.63, 28, 1, '2024-01-06 01:36:51', '2024-01-06 01:36:51', NULL),
(100, 'Headphones 10', 'Description for Headphones 10', 3, 18, 7, 104.46, 83, 1, '2024-01-06 01:36:51', '2024-01-06 01:36:51', NULL),
(106, 'Gaming Discs 1', 'Description for Gaming Discs 1', 10, 11, 8, 698.33, 9, 1, '2024-01-06 01:37:14', '2024-01-06 01:37:14', NULL),
(107, 'Gaming Discs 2', 'Description for Gaming Discs 2', 2, 11, 8, 786.28, 60, 2, '2024-01-06 01:37:14', '2024-01-06 01:37:14', NULL),
(108, 'Gaming Discs 3', 'Description for Gaming Discs 3', 5, 17, 8, 171.16, 33, 1, '2024-01-06 01:37:14', '2024-01-06 01:37:14', NULL),
(109, 'Gaming Discs 4', 'Description for Gaming Discs 4', 4, 15, 8, 261.24, 55, 1, '2024-01-06 01:37:14', '2024-01-06 01:37:14', NULL),
(110, 'Gaming Discs 5', 'Description for Gaming Discs 5', 2, 16, 8, 134.39, 65, 1, '2024-01-06 01:37:14', '2024-01-06 01:37:14', NULL),
(111, 'Gaming Discs 6', 'Description for Gaming Discs 6', 8, 14, 8, 562.41, 49, 2, '2024-01-06 01:37:14', '2024-01-06 01:37:14', NULL),
(112, 'Gaming Discs 7', 'Description for Gaming Discs 7', 5, 14, 8, 366.02, 53, 2, '2024-01-06 01:37:14', '2024-01-06 01:37:14', NULL),
(113, 'Gaming Discs 8', 'Description for Gaming Discs 8', 8, 13, 8, 971.80, 8, 1, '2024-01-06 01:37:14', '2024-01-06 01:37:14', NULL),
(114, 'Gaming Discs 9', 'Description for Gaming Discs 9', 6, 18, 8, 997.00, 89, 1, '2024-01-06 01:37:14', '2024-01-06 01:37:14', NULL),
(115, 'Gaming Discs 10', 'Description for Gaming Discs 10', 4, 12, 8, 472.67, 73, 1, '2024-01-06 01:37:14', '2024-01-06 01:37:14', NULL),
(121, 'Desktop Computers 1', 'Description for Desktop Computers 1', 6, 23, 9, 667.48, 31, 2, '2024-01-06 01:38:47', '2024-01-06 01:38:47', NULL),
(122, 'Desktop Computers 2', 'Description for Desktop Computers 2', 8, 27, 9, 215.00, 57, 1, '2024-01-06 01:38:47', '2024-01-06 01:38:47', NULL),
(123, 'Desktop Computers 3', 'Description for Desktop Computers 3', 4, 28, 9, 144.54, 85, 1, '2024-01-06 01:38:47', '2024-01-06 01:38:47', NULL),
(124, 'Desktop Computers 4', 'Description for Desktop Computers 4', 7, 26, 9, 750.80, 96, 2, '2024-01-06 01:38:47', '2024-01-06 01:38:47', NULL),
(125, 'Desktop Computers 5', 'Description for Desktop Computers 5', 5, 28, 9, 289.56, 86, 2, '2024-01-06 01:38:47', '2024-01-06 01:38:47', NULL),
(126, 'Desktop Computers 6', 'Description for Desktop Computers 6', 6, 27, 9, 587.37, 71, 2, '2024-01-06 01:38:47', '2024-01-06 01:38:47', NULL),
(127, 'Desktop Computers 7', 'Description for Desktop Computers 7', 8, 29, 9, 811.27, 55, 1, '2024-01-06 01:38:47', '2024-01-06 01:38:47', NULL),
(128, 'Desktop Computers 8', 'Description for Desktop Computers 8', 8, 23, 9, 853.86, 55, 1, '2024-01-06 01:38:47', '2024-01-06 01:38:47', NULL),
(129, 'Desktop Computers 9', 'Description for Desktop Computers 9', 2, 27, 9, 900.41, 42, 1, '2024-01-06 01:38:47', '2024-01-06 01:38:47', NULL),
(130, 'Desktop Computers 10', 'Description for Desktop Computers 10', 4, 28, 9, 816.87, 75, 1, '2024-01-06 01:38:47', '2024-01-06 01:38:47', NULL),
(136, 'Laptops 1', 'Description for Laptops 1', 8, 28, 10, 216.49, 54, 1, '2024-01-06 01:39:07', '2024-01-06 01:39:07', NULL),
(137, 'Laptops 2', 'Description for Laptops 2', 1, 27, 10, 285.05, 4, 2, '2024-01-06 01:39:07', '2024-01-06 01:39:07', NULL),
(138, 'Laptops 3', 'Description for Laptops 3', 3, 22, 10, 203.33, 13, 1, '2024-01-06 01:39:07', '2024-01-06 01:39:07', NULL),
(139, 'Laptops 4', 'Description for Laptops 4', 3, 30, 10, 306.79, 25, 2, '2024-01-06 01:39:07', '2024-01-06 01:39:07', NULL),
(140, 'Laptops 5', 'Description for Laptops 5', 3, 22, 10, 791.32, 46, 2, '2024-01-06 01:39:07', '2024-01-06 01:39:07', NULL),
(141, 'Laptops 6', 'Description for Laptops 6', 1, 26, 10, 466.42, 48, 1, '2024-01-06 01:39:07', '2024-01-06 01:39:07', NULL),
(142, 'Laptops 7', 'Description for Laptops 7', 10, 30, 10, 982.30, 97, 2, '2024-01-06 01:39:07', '2024-01-06 01:39:07', NULL),
(143, 'Laptops 8', 'Description for Laptops 8', 5, 23, 10, 718.61, 83, 1, '2024-01-06 01:39:07', '2024-01-06 01:39:07', NULL),
(144, 'Laptops 9', 'Description for Laptops 9', 6, 22, 10, 889.38, 7, 2, '2024-01-06 01:39:07', '2024-01-06 01:39:07', NULL),
(145, 'Laptops 10', 'Description for Laptops 10', 3, 22, 10, 812.77, 56, 1, '2024-01-06 01:39:07', '2024-01-06 01:39:07', NULL),
(151, 'Monitors 1', 'Description for Monitors 1', 6, 23, 11, 640.78, 23, 1, '2024-01-06 01:39:51', '2024-01-06 01:39:51', NULL),
(152, 'Monitors 2', 'Description for Monitors 2', 5, 30, 11, 557.78, 61, 2, '2024-01-06 01:39:51', '2024-01-06 01:39:51', NULL),
(153, 'Monitors 3', 'Description for Monitors 3', 10, 29, 11, 474.38, 60, 2, '2024-01-06 01:39:51', '2024-01-06 01:39:51', NULL),
(154, 'Monitors 4', 'Description for Monitors 4', 1, 23, 11, 932.84, 96, 1, '2024-01-06 01:39:51', '2024-01-06 01:39:51', NULL),
(155, 'Monitors 5', 'Description for Monitors 5', 6, 25, 11, 659.22, 83, 1, '2024-01-06 01:39:51', '2024-01-06 01:39:51', NULL),
(156, 'Monitors 6', 'Description for Monitors 6', 61, 30, 11, 340.05, 37, 1, '2024-01-06 01:39:51', '2024-01-06 01:39:51', NULL),
(157, 'Monitors 7', 'Description for Monitors 7', 4, 23, 11, 976.43, 25, 1, '2024-01-06 01:39:51', '2024-01-06 01:39:51', NULL),
(158, 'Monitors 8', 'Description for Monitors 8', 61, 24, 11, 548.41, 53, 1, '2024-01-06 01:39:51', '2024-01-06 01:39:51', NULL),
(159, 'Monitors 9', 'Description for Monitors 9', 10, 22, 11, 717.22, 7, 1, '2024-01-06 01:39:51', '2024-01-06 01:39:51', NULL),
(160, 'Monitors 10', 'Description for Monitors 10', 1, 25, 11, 143.16, 84, 1, '2024-01-06 01:39:51', '2024-01-06 01:39:51', NULL),
(166, 'Gaming PCs 1', 'Description for Gaming PCs 1', 8, 29, 12, 749.84, 16, 2, '2024-01-06 01:40:14', '2024-01-06 01:40:14', NULL),
(167, 'Gaming PCs 2', 'Description for Gaming PCs 2', 7, 28, 12, 669.14, 1, 1, '2024-01-06 01:40:14', '2024-01-06 01:40:14', NULL),
(168, 'Gaming PCs 3', 'Description for Gaming PCs 3', 7, 29, 12, 177.73, 99, 2, '2024-01-06 01:40:14', '2024-01-06 01:40:14', NULL),
(169, 'Gaming PCs 4', 'Description for Gaming PCs 4', 9, 22, 12, 366.60, 100, 1, '2024-01-06 01:40:14', '2024-01-06 01:40:14', NULL),
(170, 'Gaming PCs 5', 'Description for Gaming PCs 5', 4, 27, 12, 400.01, 63, 1, '2024-01-06 01:40:14', '2024-01-06 01:40:14', NULL),
(171, 'Gaming PCs 6', 'Description for Gaming PCs 6', 2, 22, 12, 177.19, 4, 2, '2024-01-06 01:40:14', '2024-01-06 01:40:14', NULL),
(172, 'Gaming PCs 7', 'Description for Gaming PCs 7', 5, 25, 12, 866.40, 100, 1, '2024-01-06 01:40:14', '2024-01-06 01:40:14', NULL),
(173, 'Gaming PCs 8', 'Description for Gaming PCs 8', 4, 23, 12, 115.76, 40, 2, '2024-01-06 01:40:14', '2024-01-06 01:40:14', NULL),
(174, 'Gaming PCs 9', 'Description for Gaming PCs 9', 3, 22, 12, 758.63, 31, 1, '2024-01-06 01:40:14', '2024-01-06 01:40:14', NULL),
(175, 'Gaming PCs 10', 'Description for Gaming PCs 10', 2, 21, 12, 799.06, 75, 1, '2024-01-06 01:40:14', '2024-01-06 01:40:14', NULL),
(181, 'Printers 1', 'Description for Printers 1', 8, 21, 13, 201.43, 43, 2, '2024-01-06 01:40:38', '2024-01-06 01:40:38', NULL),
(182, 'Printers 2', 'Description for Printers 2', 3, 27, 13, 732.46, 48, 1, '2024-01-06 01:40:38', '2024-01-06 01:40:38', NULL),
(183, 'Printers 3', 'Description for Printers 3', 8, 26, 13, 722.13, 74, 2, '2024-01-06 01:40:38', '2024-01-06 01:40:38', NULL),
(184, 'Printers 4', 'Description for Printers 4', 6, 30, 13, 966.90, 99, 1, '2024-01-06 01:40:38', '2024-01-06 01:40:38', NULL),
(185, 'Printers 5', 'Description for Printers 5', 8, 23, 13, 172.79, 56, 2, '2024-01-06 01:40:38', '2024-01-06 01:40:38', NULL),
(186, 'Printers 6', 'Description for Printers 6', 61, 22, 13, 710.80, 89, 1, '2024-01-06 01:40:38', '2024-01-06 01:40:38', NULL),
(187, 'Printers 7', 'Description for Printers 7', 4, 23, 13, 184.52, 84, 2, '2024-01-06 01:40:38', '2024-01-06 01:40:38', NULL),
(188, 'Printers 8', 'Description for Printers 8', 7, 25, 13, 224.16, 36, 1, '2024-01-06 01:40:38', '2024-01-06 01:40:38', NULL),
(189, 'Printers 9', 'Description for Printers 9', 7, 21, 13, 481.53, 98, 2, '2024-01-06 01:40:38', '2024-01-06 01:40:38', NULL),
(190, 'Printers 10', 'Description for Printers 10', 4, 27, 13, 469.04, 5, 1, '2024-01-06 01:40:38', '2024-01-06 01:40:38', NULL),
(196, 'Projectors 1', 'Description for Projectors 1', 3, 30, 14, 164.27, 55, 1, '2024-01-06 01:41:08', '2024-01-06 01:41:08', NULL),
(197, 'Projectors 2', 'Description for Projectors 2', 6, 22, 14, 997.09, 52, 2, '2024-01-06 01:41:08', '2024-01-06 01:41:08', NULL),
(198, 'Projectors 3', 'Description for Projectors 3', 10, 27, 14, 671.76, 12, 2, '2024-01-06 01:41:08', '2024-01-06 01:41:08', NULL),
(199, 'Projectors 4', 'Description for Projectors 4', 9, 23, 14, 679.23, 56, 2, '2024-01-06 01:41:08', '2024-01-06 01:41:08', NULL),
(200, 'Projectors 5', 'Description for Projectors 5', 2, 27, 14, 921.86, 52, 2, '2024-01-06 01:41:08', '2024-01-06 01:41:08', NULL),
(201, 'Projectors 6', 'Description for Projectors 6', 1, 24, 14, 765.19, 63, 2, '2024-01-06 01:41:08', '2024-01-06 01:41:08', NULL),
(202, 'Projectors 7', 'Description for Projectors 7', 3, 26, 14, 990.75, 33, 2, '2024-01-06 01:41:08', '2024-01-06 01:41:08', NULL),
(203, 'Projectors 8', 'Description for Projectors 8', 6, 29, 14, 884.87, 70, 2, '2024-01-06 01:41:08', '2024-01-06 01:41:08', NULL),
(204, 'Projectors 9', 'Description for Projectors 9', 9, 27, 14, 646.54, 6, 1, '2024-01-06 01:41:08', '2024-01-06 01:41:08', NULL),
(205, 'Projectors 10', 'Description for Projectors 10', 5, 26, 14, 287.77, 50, 2, '2024-01-06 01:41:08', '2024-01-06 01:41:08', NULL),
(211, 'Men Watches 1', 'Description for Men Watches 1', 5, 37, 15, 710.86, 52, 2, '2024-01-06 01:41:45', '2024-01-06 01:41:45', NULL),
(212, 'Men Watches 2', 'Description for Men Watches 2', 4, 38, 15, 637.74, 77, 1, '2024-01-06 01:41:45', '2024-01-06 01:41:45', NULL),
(213, 'Men Watches 3', 'Description for Men Watches 3', 8, 35, 15, 983.59, 51, 2, '2024-01-06 01:41:45', '2024-01-06 01:41:45', NULL),
(214, 'Men Watches 4', 'Description for Men Watches 4', 6, 39, 15, 565.39, 100, 1, '2024-01-06 01:41:45', '2024-01-06 01:41:45', NULL),
(215, 'Men Watches 5', 'Description for Men Watches 5', 61, 39, 15, 452.62, 37, 2, '2024-01-06 01:41:45', '2024-01-06 01:41:45', NULL),
(216, 'Men Watches 6', 'Description for Men Watches 6', 8, 37, 15, 257.37, 79, 1, '2024-01-06 01:41:45', '2024-01-06 01:41:45', NULL),
(217, 'Men Watches 7', 'Description for Men Watches 7', 6, 39, 15, 624.70, 37, 1, '2024-01-06 01:41:45', '2024-01-06 01:41:45', NULL),
(218, 'Men Watches 8', 'Description for Men Watches 8', 6, 35, 15, 346.71, 16, 2, '2024-01-06 01:41:45', '2024-01-06 01:41:45', NULL),
(219, 'Men Watches 9', 'Description for Men Watches 9', 5, 33, 15, 903.67, 71, 2, '2024-01-06 01:41:45', '2024-01-06 01:41:45', NULL),
(220, 'Men Watches 10', 'Description for Men Watches 10', 1, 35, 15, 995.74, 63, 1, '2024-01-06 01:41:45', '2024-01-06 01:41:45', NULL),
(226, 'Women Watches 1', 'Description for Women Watches 1', 8, 38, 16, 764.05, 32, 1, '2024-01-06 01:42:53', '2024-01-06 01:42:53', NULL),
(227, 'Women Watches 2', 'Description for Women Watches 2', 2, 31, 16, 912.15, 25, 2, '2024-01-06 01:42:53', '2024-01-06 01:42:53', NULL),
(228, 'Women Watches 3', 'Description for Women Watches 3', 4, 31, 16, 299.60, 96, 1, '2024-01-06 01:42:53', '2024-01-06 01:42:53', NULL),
(229, 'Women Watches 4', 'Description for Women Watches 4', 4, 31, 16, 306.21, 6, 2, '2024-01-06 01:42:53', '2024-01-06 01:42:53', NULL),
(230, 'Women Watches 5', 'Description for Women Watches 5', 6, 38, 16, 103.72, 91, 2, '2024-01-06 01:42:53', '2024-01-06 01:42:53', NULL),
(231, 'Women Watches 6', 'Description for Women Watches 6', 4, 34, 16, 676.48, 21, 1, '2024-01-06 01:42:53', '2024-01-06 01:42:53', NULL),
(232, 'Women Watches 7', 'Description for Women Watches 7', 2, 34, 16, 629.38, 79, 1, '2024-01-06 01:42:53', '2024-01-06 01:42:53', NULL),
(233, 'Women Watches 8', 'Description for Women Watches 8', 1, 38, 16, 862.79, 87, 2, '2024-01-06 01:42:53', '2024-01-06 01:42:53', NULL),
(234, 'Women Watches 9', 'Description for Women Watches 9', 4, 34, 16, 806.37, 78, 2, '2024-01-06 01:42:53', '2024-01-06 01:42:53', NULL),
(235, 'Women Watches 10', 'Description for Women Watches 10', 2, 31, 16, 790.78, 73, 1, '2024-01-06 01:42:53', '2024-01-06 01:42:53', NULL),
(241, 'Children Watches 1', 'Description for Children Watches 1', 1, 39, 17, 920.90, 12, 2, '2024-01-06 01:43:12', '2024-01-06 01:43:12', NULL),
(242, 'Children Watches 2', 'Description for Children Watches 2', 2, 39, 17, 661.58, 69, 2, '2024-01-06 01:43:12', '2024-01-06 01:43:12', NULL),
(243, 'Children Watches 3', 'Description for Children Watches 3', 5, 31, 17, 116.90, 93, 2, '2024-01-06 01:43:12', '2024-01-06 01:43:12', NULL),
(244, 'Children Watches 4', 'Description for Children Watches 4', 1, 35, 17, 197.47, 26, 2, '2024-01-06 01:43:12', '2024-01-06 01:43:12', NULL),
(245, 'Children Watches 5', 'Description for Children Watches 5', 61, 31, 17, 935.59, 46, 1, '2024-01-06 01:43:12', '2024-01-06 01:43:12', NULL),
(246, 'Children Watches 6', 'Description for Children Watches 6', 5, 39, 17, 188.54, 80, 2, '2024-01-06 01:43:12', '2024-01-06 01:43:12', NULL),
(247, 'Children Watches 7', 'Description for Children Watches 7', 2, 33, 17, 820.81, 30, 1, '2024-01-06 01:43:12', '2024-01-06 01:43:12', NULL),
(248, 'Children Watches 8', 'Description for Children Watches 8', 1, 38, 17, 593.15, 50, 2, '2024-01-06 01:43:12', '2024-01-06 01:43:12', NULL),
(249, 'Children Watches 9', 'Description for Children Watches 9', 7, 36, 17, 162.19, 60, 2, '2024-01-06 01:43:12', '2024-01-06 01:43:12', NULL),
(250, 'Children Watches 10', 'Description for Children Watches 10', 1, 34, 17, 543.29, 56, 1, '2024-01-06 01:43:12', '2024-01-06 01:43:12', NULL),
(256, 'Fiction Books 1', 'Description for Fiction Books 1', 9, 49, 18, 829.84, 42, 2, '2024-01-06 01:44:13', '2024-01-06 01:44:13', NULL),
(257, 'Fiction Books 2', 'Description for Fiction Books 2', 1, 48, 18, 412.15, 56, 2, '2024-01-06 01:44:13', '2024-01-06 01:44:13', NULL),
(258, 'Fiction Books 3', 'Description for Fiction Books 3', 2, 49, 18, 819.23, 45, 2, '2024-01-06 01:44:13', '2024-01-06 01:44:13', NULL),
(259, 'Fiction Books 4', 'Description for Fiction Books 4', 4, 43, 18, 325.08, 54, 2, '2024-01-06 01:44:13', '2024-01-06 01:44:13', NULL),
(260, 'Fiction Books 5', 'Description for Fiction Books 5', 7, 48, 18, 179.40, 7, 1, '2024-01-06 01:44:13', '2024-01-06 01:44:13', NULL),
(261, 'Fiction Books 6', 'Description for Fiction Books 6', 2, 45, 18, 999.48, 54, 2, '2024-01-06 01:44:13', '2024-01-06 01:44:13', NULL),
(262, 'Fiction Books 7', 'Description for Fiction Books 7', 5, 50, 18, 438.93, 9, 1, '2024-01-06 01:44:13', '2024-01-06 01:44:13', NULL),
(263, 'Fiction Books 8', 'Description for Fiction Books 8', 7, 49, 18, 219.65, 18, 2, '2024-01-06 01:44:13', '2024-01-06 01:44:13', NULL),
(264, 'Fiction Books 9', 'Description for Fiction Books 9', 7, 45, 18, 486.53, 65, 2, '2024-01-06 01:44:13', '2024-01-06 01:44:13', NULL),
(265, 'Fiction Books 10', 'Description for Fiction Books 10', 9, 43, 18, 124.73, 26, 1, '2024-01-06 01:44:13', '2024-01-06 01:44:13', NULL),
(271, 'Non-Fiction Books 1', 'Description for Non-Fiction Books 1', 8, 47, 19, 121.64, 14, 2, '2024-01-06 01:44:43', '2024-01-06 01:44:43', NULL),
(272, 'Non-Fiction Books 2', 'Description for Non-Fiction Books 2', 9, 44, 19, 549.82, 32, 1, '2024-01-06 01:44:43', '2024-01-06 01:44:43', NULL),
(273, 'Non-Fiction Books 3', 'Description for Non-Fiction Books 3', 4, 47, 19, 377.60, 53, 2, '2024-01-06 01:44:43', '2024-01-06 01:44:43', NULL),
(274, 'Non-Fiction Books 4', 'Description for Non-Fiction Books 4', 7, 46, 19, 952.76, 97, 2, '2024-01-06 01:44:43', '2024-01-06 01:44:43', NULL),
(275, 'Non-Fiction Books 5', 'Description for Non-Fiction Books 5', 10, 43, 19, 357.61, 70, 2, '2024-01-06 01:44:43', '2024-01-06 01:44:43', NULL),
(276, 'Non-Fiction Books 6', 'Description for Non-Fiction Books 6', 5, 44, 19, 362.58, 47, 1, '2024-01-06 01:44:43', '2024-01-06 01:44:43', NULL),
(277, 'Non-Fiction Books 7', 'Description for Non-Fiction Books 7', 3, 45, 19, 329.07, 5, 1, '2024-01-06 01:44:43', '2024-01-06 01:44:43', NULL),
(278, 'Non-Fiction Books 8', 'Description for Non-Fiction Books 8', 5, 48, 19, 620.53, 55, 2, '2024-01-06 01:44:43', '2024-01-06 01:44:43', NULL),
(279, 'Non-Fiction Books 9', 'Description for Non-Fiction Books 9', 2, 41, 19, 587.25, 66, 2, '2024-01-06 01:44:43', '2024-01-06 01:44:43', NULL),
(280, 'Non-Fiction Books 10', 'Description for Non-Fiction Books 10', 7, 42, 19, 831.12, 55, 1, '2024-01-06 01:44:43', '2024-01-06 01:44:43', NULL),
(286, 'Mystery/Thriller Books 1', 'Description for Mystery/Thriller Books 1', 9, 48, 20, 465.60, 64, 2, '2024-01-06 01:45:09', '2024-01-06 01:45:09', NULL),
(287, 'Mystery/Thriller Books 2', 'Description for Mystery/Thriller Books 2', 9, 50, 20, 308.07, 35, 1, '2024-01-06 01:45:09', '2024-01-06 01:45:09', NULL),
(288, 'Mystery/Thriller Books 3', 'Description for Mystery/Thriller Books 3', 1, 47, 20, 196.98, 67, 2, '2024-01-06 01:45:09', '2024-01-06 01:45:09', NULL),
(289, 'Mystery/Thriller Books 4', 'Description for Mystery/Thriller Books 4', 10, 48, 20, 796.91, 73, 1, '2024-01-06 01:45:09', '2024-01-06 01:45:09', NULL),
(290, 'Mystery/Thriller Books 5', 'Description for Mystery/Thriller Books 5', 8, 49, 20, 798.74, 47, 1, '2024-01-06 01:45:09', '2024-01-06 01:45:09', NULL),
(291, 'Mystery/Thriller Books 6', 'Description for Mystery/Thriller Books 6', 1, 48, 20, 518.65, 13, 1, '2024-01-06 01:45:09', '2024-01-06 01:45:09', NULL),
(292, 'Mystery/Thriller Books 7', 'Description for Mystery/Thriller Books 7', 8, 50, 20, 493.45, 45, 2, '2024-01-06 01:45:09', '2024-01-06 01:45:09', NULL),
(293, 'Mystery/Thriller Books 8', 'Description for Mystery/Thriller Books 8', 6, 49, 20, 511.95, 77, 1, '2024-01-06 01:45:09', '2024-01-06 01:45:09', NULL),
(294, 'Mystery/Thriller Books 9', 'Description for Mystery/Thriller Books 9', 7, 43, 20, 142.06, 59, 2, '2024-01-06 01:45:09', '2024-01-06 01:45:09', NULL),
(295, 'Mystery/Thriller Books 10', 'Description for Mystery/Thriller Books 10', 4, 50, 20, 938.16, 67, 2, '2024-01-06 01:45:09', '2024-01-06 01:45:09', NULL),
(301, 'Science Fiction Books 1', 'Description for Science Fiction Books 1', 8, 49, 21, 773.93, 35, 1, '2024-01-06 01:45:38', '2024-01-06 01:45:38', NULL),
(302, 'Science Fiction Books 2', 'Description for Science Fiction Books 2', 10, 41, 21, 688.30, 2, 1, '2024-01-06 01:45:38', '2024-01-06 01:45:38', NULL),
(303, 'Science Fiction Books 3', 'Description for Science Fiction Books 3', 2, 41, 21, 854.82, 99, 1, '2024-01-06 01:45:38', '2024-01-06 01:45:38', NULL),
(304, 'Science Fiction Books 4', 'Description for Science Fiction Books 4', 5, 50, 21, 728.87, 54, 2, '2024-01-06 01:45:38', '2024-01-06 01:45:38', NULL),
(305, 'Science Fiction Books 5', 'Description for Science Fiction Books 5', 6, 42, 21, 915.44, 15, 1, '2024-01-06 01:45:38', '2024-01-06 01:45:38', NULL),
(306, 'Science Fiction Books 6', 'Description for Science Fiction Books 6', 1, 42, 21, 349.31, 7, 1, '2024-01-06 01:45:38', '2024-01-06 01:45:38', NULL),
(307, 'Science Fiction Books 7', 'Description for Science Fiction Books 7', 10, 47, 21, 376.49, 61, 1, '2024-01-06 01:45:38', '2024-01-06 01:45:38', NULL),
(308, 'Science Fiction Books 8', 'Description for Science Fiction Books 8', 1, 44, 21, 511.24, 28, 1, '2024-01-06 01:45:38', '2024-01-06 01:45:38', NULL),
(309, 'Science Fiction Books 9', 'Description for Science Fiction Books 9', 3, 42, 21, 727.75, 16, 2, '2024-01-06 01:45:38', '2024-01-06 01:45:38', NULL),
(310, 'Science Fiction Books 10', 'Description for Science Fiction Books 10', 8, 43, 21, 863.11, 61, 2, '2024-01-06 01:45:38', '2024-01-06 01:45:38', NULL),
(316, 'Self-Help Books 1', 'Description for Self-Help Books 1', 5, 44, 22, 646.56, 95, 2, '2024-01-06 01:45:58', '2024-01-06 01:45:58', NULL),
(317, 'Self-Help Books 2', 'Description for Self-Help Books 2', 1, 50, 22, 621.06, 15, 2, '2024-01-06 01:45:58', '2024-01-06 01:45:58', NULL),
(318, 'Self-Help Books 3', 'Description for Self-Help Books 3', 8, 47, 22, 258.14, 86, 2, '2024-01-06 01:45:58', '2024-01-06 01:45:58', NULL),
(319, 'Self-Help Books 4', 'Description for Self-Help Books 4', 8, 46, 22, 684.40, 46, 1, '2024-01-06 01:45:58', '2024-01-06 01:45:58', NULL),
(320, 'Self-Help Books 5', 'Description for Self-Help Books 5', 6, 49, 22, 693.17, 77, 2, '2024-01-06 01:45:58', '2024-01-06 01:45:58', NULL),
(321, 'Self-Help Books 6', 'Description for Self-Help Books 6', 3, 48, 22, 213.37, 36, 1, '2024-01-06 01:45:58', '2024-01-06 01:45:58', NULL),
(322, 'Self-Help Books 7', 'Description for Self-Help Books 7', 4, 47, 22, 186.54, 67, 1, '2024-01-06 01:45:58', '2024-01-06 01:45:58', NULL),
(323, 'Self-Help Books 8', 'Description for Self-Help Books 8', 4, 46, 22, 938.83, 94, 2, '2024-01-06 01:45:58', '2024-01-06 01:45:58', NULL),
(324, 'Self-Help Books 9', 'Description for Self-Help Books 9', 7, 46, 22, 884.47, 60, 1, '2024-01-06 01:45:58', '2024-01-06 01:45:58', NULL),
(325, 'Self-Help Books 10', 'Description for Self-Help Books 10', 4, 50, 22, 523.90, 63, 2, '2024-01-06 01:45:58', '2024-01-06 01:45:58', NULL),
(346, 'Action Figures 1', 'Description for Action Figures 1', 9, 51, 23, 784.14, 69, 1, '2024-01-06 01:48:02', '2024-01-06 01:48:02', NULL),
(347, 'Action Figures 2', 'Description for Action Figures 2', 4, 57, 23, 977.86, 100, 1, '2024-01-06 01:48:02', '2024-01-06 01:48:02', NULL),
(348, 'Action Figures 3', 'Description for Action Figures 3', 1, 60, 23, 952.29, 74, 2, '2024-01-06 01:48:02', '2024-01-06 01:48:02', NULL),
(349, 'Action Figures 4', 'Description for Action Figures 4', 8, 57, 23, 314.06, 13, 2, '2024-01-06 01:48:02', '2024-01-06 01:48:02', NULL),
(350, 'Action Figures 5', 'Description for Action Figures 5', 2, 56, 23, 360.16, 86, 1, '2024-01-06 01:48:02', '2024-01-06 01:48:02', NULL),
(351, 'Action Figures 6', 'Description for Action Figures 6', 6, 60, 23, 894.00, 66, 2, '2024-01-06 01:48:02', '2024-01-06 01:48:02', NULL),
(352, 'Action Figures 7', 'Description for Action Figures 7', 4, 57, 23, 869.12, 43, 2, '2024-01-06 01:48:02', '2024-02-23 02:39:16', NULL),
(353, 'Action Figures 8', 'Description for Action Figures 8', 1, 53, 23, 861.53, 56, 1, '2024-01-06 01:48:02', '2024-01-06 01:48:02', NULL),
(354, 'Action Figures 9', 'Description for Action Figures 9', 7, 54, 23, 991.46, 82, 1, '2024-01-06 01:48:02', '2024-01-06 01:48:02', NULL),
(355, 'Action Figures 10', 'Description for Action Figures 10', 2, 54, 23, 387.22, 62, 1, '2024-01-06 01:48:02', '2024-01-06 01:48:02', NULL),
(361, 'Educational Toys 1', 'Description for Educational Toys 1', 4, 60, 24, 843.19, 14, 1, '2024-01-06 01:53:54', '2024-01-06 01:53:54', NULL),
(362, 'Educational Toys 2', 'Description for Educational Toys 2', 1, 54, 24, 732.42, 49, 1, '2024-01-06 01:53:54', '2024-01-06 01:53:54', NULL),
(363, 'Educational Toys 3', 'Description for Educational Toys 3', 10, 52, 24, 944.60, 18, 1, '2024-01-06 01:53:54', '2024-01-06 01:53:54', NULL),
(364, 'Educational Toys 4', 'Description for Educational Toys 4', 6, 53, 24, 429.60, 17, 2, '2024-01-06 01:53:54', '2024-01-06 01:53:54', NULL),
(365, 'Educational Toys 5', 'Description for Educational Toys 5', 3, 55, 24, 365.30, 22, 1, '2024-01-06 01:53:54', '2024-01-06 01:53:54', NULL),
(366, 'Educational Toys 6', 'Description for Educational Toys 6', 9, 59, 24, 167.55, 68, 1, '2024-01-06 01:53:54', '2024-01-06 01:53:54', NULL),
(367, 'Educational Toys 7', 'Description for Educational Toys 7', 7, 56, 24, 733.48, 85, 1, '2024-01-06 01:53:54', '2024-01-06 01:53:54', NULL),
(368, 'Educational Toys 8', 'Description for Educational Toys 8', 9, 51, 24, 949.60, 48, 2, '2024-01-06 01:53:54', '2024-01-06 01:53:54', NULL),
(369, 'Educational Toys 9', 'Description for Educational Toys 9', 5, 52, 24, 679.11, 69, 2, '2024-01-06 01:53:54', '2024-01-06 01:53:54', NULL),
(370, 'Educational Toys 10', 'Description for Educational Toys 10', 6, 56, 24, 162.54, 65, 1, '2024-01-06 01:53:54', '2024-01-06 01:53:54', NULL),
(376, 'Board Games 1', 'Description for Board Games 1', 9, 52, 25, 304.51, 59, 1, '2024-01-06 01:56:46', '2024-01-06 01:56:46', NULL),
(377, 'Board Games 2', 'Description for Board Games 2', 5, 58, 25, 636.95, 65, 1, '2024-01-06 01:56:46', '2024-01-06 01:56:46', NULL),
(378, 'Board Games 3', 'Description for Board Games 3', 2, 60, 25, 540.01, 54, 1, '2024-01-06 01:56:46', '2024-01-06 01:56:46', NULL),
(379, 'Board Games 4', 'Description for Board Games 4', 4, 60, 25, 713.20, 53, 2, '2024-01-06 01:56:46', '2024-01-06 01:56:46', NULL),
(380, 'Board Games 5', 'Description for Board Games 5', 7, 57, 25, 626.59, 83, 1, '2024-01-06 01:56:46', '2024-01-06 01:56:46', NULL),
(381, 'Board Games 6', 'Description for Board Games 6', 7, 54, 25, 202.66, 43, 2, '2024-01-06 01:56:46', '2024-01-06 01:56:46', NULL),
(382, 'Board Games 7', 'Description for Board Games 7', 7, 60, 25, 919.62, 59, 1, '2024-01-06 01:56:46', '2024-01-06 01:56:46', NULL),
(383, 'Board Games 8', 'Description for Board Games 8', 10, 54, 25, 879.10, 37, 1, '2024-01-06 01:56:46', '2024-01-06 01:56:46', NULL),
(384, 'Board Games 9', 'Description for Board Games 9', 5, 60, 25, 522.84, 49, 2, '2024-01-06 01:56:46', '2024-01-06 01:56:46', NULL),
(385, 'Board Games 10', 'Description for Board Games 10', 1, 59, 25, 301.51, 58, 1, '2024-01-06 01:56:46', '2024-01-06 01:56:46', NULL),
(391, 'Plush Toys 1', 'Description for Plush Toys 1', 9, 60, 26, 186.57, 76, 2, '2024-01-06 01:57:09', '2024-01-06 01:57:09', NULL),
(392, 'Plush Toys 2', 'Description for Plush Toys 2', 2, 53, 26, 780.90, 14, 1, '2024-01-06 01:57:09', '2024-01-06 01:57:09', NULL),
(393, 'Plush Toys 3', 'Description for Plush Toys 3', 6, 57, 26, 475.79, 20, 2, '2024-01-06 01:57:09', '2024-01-06 01:57:09', NULL),
(394, 'Plush Toys 4', 'Description for Plush Toys 4', 4, 60, 26, 550.11, 74, 1, '2024-01-06 01:57:09', '2024-01-06 01:57:09', NULL),
(395, 'Plush Toys 5', 'Description for Plush Toys 5', 3, 51, 26, 739.31, 27, 1, '2024-01-06 01:57:09', '2024-01-06 01:57:09', NULL),
(396, 'Plush Toys 6', 'Description for Plush Toys 6', 8, 53, 26, 193.22, 73, 1, '2024-01-06 01:57:09', '2024-01-06 01:57:09', NULL),
(397, 'Plush Toys 7', 'Description for Plush Toys 7', 3, 57, 26, 724.72, 40, 2, '2024-01-06 01:57:09', '2024-01-06 01:57:09', NULL),
(398, 'Plush Toys 8', 'Description for Plush Toys 8', 7, 58, 26, 744.27, 30, 1, '2024-01-06 01:57:09', '2024-01-06 01:57:09', NULL),
(399, 'Plush Toys 9', 'Description for Plush Toys 9', 1, 55, 26, 437.17, 42, 2, '2024-01-06 01:57:09', '2024-01-06 01:57:09', NULL),
(400, 'Plush Toys 10', 'Description for Plush Toys 10', 9, 57, 26, 793.71, 80, 2, '2024-01-06 01:57:09', '2024-01-06 01:57:09', NULL),
(406, 'Living Room 1', 'Description for Living Room 1', 1, 63, 27, 177.62, 67, 1, '2024-01-06 01:58:09', '2024-01-06 01:58:09', NULL),
(407, 'Living Room 2', 'Description for Living Room 2', 5, 70, 27, 387.81, 72, 2, '2024-01-06 01:58:09', '2024-01-06 01:58:09', NULL),
(408, 'Living Room 3', 'Description for Living Room 3', 4, 65, 27, 248.06, 55, 1, '2024-01-06 01:58:09', '2024-01-06 01:58:09', NULL),
(409, 'Living Room 4', 'Description for Living Room 4', 1, 70, 27, 699.37, 50, 1, '2024-01-06 01:58:09', '2024-01-06 01:58:09', NULL),
(410, 'Living Room 5', 'Description for Living Room 5', 2, 64, 27, 567.83, 47, 2, '2024-01-06 01:58:09', '2024-01-06 01:58:09', NULL),
(411, 'Living Room 6', 'Description for Living Room 6', 5, 63, 27, 879.25, 66, 2, '2024-01-06 01:58:09', '2024-01-06 01:58:09', NULL),
(412, 'Living Room 7', 'Description for Living Room 7', 10, 70, 27, 783.92, 5, 2, '2024-01-06 01:58:09', '2024-01-06 01:58:09', NULL),
(413, 'Living Room 8', 'Description for Living Room 8', 9, 65, 27, 904.77, 5, 2, '2024-01-06 01:58:09', '2024-01-06 01:58:09', NULL),
(414, 'Living Room 9', 'Description for Living Room 9', 3, 66, 27, 134.42, 59, 2, '2024-01-06 01:58:09', '2024-01-06 01:58:09', NULL),
(415, 'Living Room 10', 'Description for Living Room 10', 7, 66, 27, 689.23, 75, 2, '2024-01-06 01:58:09', '2024-01-06 01:58:09', NULL),
(421, 'Bedroom 1', 'Description for Bedroom 1', 10, 66, 28, 973.68, 12, 2, '2024-01-06 01:58:46', '2024-01-06 01:58:46', NULL),
(422, 'Bedroom 2', 'Description for Bedroom 2', 5, 68, 28, 557.45, 31, 2, '2024-01-06 01:58:46', '2024-01-06 01:58:46', NULL),
(423, 'Bedroom 3', 'Description for Bedroom 3', 6, 69, 28, 549.35, 95, 1, '2024-01-06 01:58:46', '2024-01-06 01:58:46', NULL),
(424, 'Bedroom 4', 'Description for Bedroom 4', 3, 66, 28, 195.25, 76, 1, '2024-01-06 01:58:46', '2024-01-06 01:58:46', NULL),
(425, 'Bedroom 5', 'Description for Bedroom 5', 7, 64, 28, 798.56, 84, 2, '2024-01-06 01:58:46', '2024-01-06 01:58:46', NULL),
(426, 'Bedroom 6', 'Description for Bedroom 6', 7, 64, 28, 957.30, 64, 1, '2024-01-06 01:58:46', '2024-01-06 01:58:46', NULL),
(427, 'Bedroom 7', 'Description for Bedroom 7', 4, 65, 28, 209.03, 39, 2, '2024-01-06 01:58:46', '2024-01-06 01:58:46', NULL),
(428, 'Bedroom 8', 'Description for Bedroom 8', 5, 70, 28, 703.75, 42, 1, '2024-01-06 01:58:46', '2024-01-06 01:58:46', NULL),
(429, 'Bedroom 9', 'Description for Bedroom 9', 7, 67, 28, 304.04, 28, 2, '2024-01-06 01:58:46', '2024-01-06 01:58:46', NULL),
(430, 'Bedroom 10', 'Description for Bedroom 10', 10, 61, 28, 354.53, 28, 2, '2024-01-06 01:58:46', '2024-01-06 01:58:46', NULL),
(436, 'Dining Room 1', 'Description for Dining Room 1', 10, 69, 29, 390.69, 20, 1, '2024-01-06 01:59:04', '2024-01-06 01:59:04', NULL),
(437, 'Dining Room 2', 'Description for Dining Room 2', 4, 70, 29, 721.92, 63, 1, '2024-01-06 01:59:04', '2024-01-06 01:59:04', NULL),
(438, 'Dining Room 3', 'Description for Dining Room 3', 10, 62, 29, 176.60, 91, 1, '2024-01-06 01:59:04', '2024-01-06 01:59:04', NULL),
(439, 'Dining Room 4', 'Description for Dining Room 4', 2, 61, 29, 633.90, 89, 2, '2024-01-06 01:59:04', '2024-01-06 01:59:04', NULL),
(440, 'Dining Room 5', 'Description for Dining Room 5', 6, 69, 29, 708.81, 82, 1, '2024-01-06 01:59:04', '2024-01-06 01:59:04', NULL),
(441, 'Dining Room 6', 'Description for Dining Room 6', 10, 61, 29, 203.88, 52, 1, '2024-01-06 01:59:04', '2024-01-06 01:59:04', NULL),
(442, 'Dining Room 7', 'Description for Dining Room 7', 8, 64, 29, 221.11, 77, 1, '2024-01-06 01:59:04', '2024-01-06 01:59:04', NULL),
(443, 'Dining Room 8', 'Description for Dining Room 8', 8, 67, 29, 145.94, 21, 2, '2024-01-06 01:59:04', '2024-01-06 01:59:04', NULL),
(444, 'Dining Room 9', 'Description for Dining Room 9', 2, 61, 29, 649.85, 94, 2, '2024-01-06 01:59:04', '2024-01-06 01:59:04', NULL),
(445, 'Dining Room 10', 'Description for Dining Room 10', 7, 70, 29, 191.93, 57, 2, '2024-01-06 01:59:04', '2024-01-06 01:59:04', NULL),
(451, 'Office 1', 'Description for Office 1', 1, 69, 30, 147.21, 68, 1, '2024-01-06 01:59:22', '2024-01-06 01:59:22', NULL),
(452, 'Office 2', 'Description for Office 2', 1, 61, 30, 901.16, 43, 1, '2024-01-06 01:59:22', '2024-01-06 01:59:22', NULL),
(453, 'Office 3', 'Description for Office 3', 4, 70, 30, 594.03, 4, 2, '2024-01-06 01:59:22', '2024-01-06 01:59:22', NULL),
(454, 'Office 4', 'Description for Office 4', 7, 65, 30, 489.40, 71, 1, '2024-01-06 01:59:22', '2024-01-06 01:59:22', NULL),
(455, 'Office 5', 'Description for Office 5', 5, 68, 30, 606.20, 43, 1, '2024-01-06 01:59:22', '2024-01-06 01:59:22', NULL),
(456, 'Office 6', 'Description for Office 6', 2, 66, 30, 501.40, 49, 1, '2024-01-06 01:59:22', '2024-01-06 01:59:22', NULL),
(457, 'Office 7', 'Description for Office 7', 7, 64, 30, 901.42, 39, 1, '2024-01-06 01:59:22', '2024-01-06 01:59:22', NULL),
(458, 'Office 8', 'Description for Office 8', 2, 63, 30, 926.17, 79, 1, '2024-01-06 01:59:22', '2024-01-06 01:59:22', NULL),
(459, 'Office 9', 'Description for Office 9', 1, 62, 30, 579.08, 27, 2, '2024-01-06 01:59:22', '2024-01-06 01:59:22', NULL),
(460, 'Office 10', 'Description for Office 10', 9, 70, 30, 120.11, 42, 2, '2024-01-06 01:59:22', '2024-01-06 01:59:22', NULL),
(466, 'Outdoor 1', 'Description for Outdoor 1', 6, 64, 31, 967.07, 78, 2, '2024-01-06 01:59:39', '2024-01-06 01:59:39', NULL),
(467, 'Outdoor 2', 'Description for Outdoor 2', 4, 65, 31, 206.27, 26, 2, '2024-01-06 01:59:39', '2024-01-06 01:59:39', NULL),
(468, 'Outdoor 3', 'Description for Outdoor 3', 10, 62, 31, 136.46, 70, 1, '2024-01-06 01:59:39', '2024-01-06 01:59:39', NULL),
(469, 'Outdoor 4', 'Description for Outdoor 4', 2, 68, 31, 149.95, 17, 2, '2024-01-06 01:59:39', '2024-01-06 01:59:39', NULL),
(470, 'Outdoor 5', 'Description for Outdoor 5', 7, 70, 31, 765.30, 84, 2, '2024-01-06 01:59:39', '2024-01-06 01:59:39', NULL),
(471, 'Outdoor 6', 'Description for Outdoor 6', 4, 63, 31, 127.90, 49, 1, '2024-01-06 01:59:39', '2024-01-06 01:59:39', NULL),
(472, 'Outdoor 7', 'Description for Outdoor 7', 5, 67, 31, 901.88, 45, 2, '2024-01-06 01:59:39', '2024-01-06 01:59:39', NULL),
(473, 'Outdoor 8', 'Description for Outdoor 8', 7, 69, 31, 485.44, 45, 2, '2024-01-06 01:59:39', '2024-01-06 01:59:39', NULL),
(474, 'Outdoor 9', 'Description for Outdoor 9', 8, 65, 31, 227.12, 27, 2, '2024-01-06 01:59:39', '2024-01-06 01:59:39', NULL),
(475, 'Outdoor 10', 'Description for Outdoor 10', 6, 68, 31, 289.76, 80, 1, '2024-01-06 01:59:39', '2024-01-06 01:59:39', NULL),
(481, 'Bathtub 1', 'Description for Bathtub 1', 9, 62, 32, 283.06, 58, 1, '2024-01-06 02:00:37', '2024-01-06 02:00:37', NULL),
(482, 'Bathtub 2', 'Description for Bathtub 2', 6, 61, 32, 620.50, 84, 1, '2024-01-06 02:00:37', '2024-01-06 02:00:37', NULL),
(483, 'Bathtub 3', 'Description for Bathtub 3', 9, 67, 32, 726.29, 55, 2, '2024-01-06 02:00:37', '2024-01-06 02:00:37', NULL),
(484, 'Bathtub 4', 'Description for Bathtub 4', 1, 61, 32, 305.95, 92, 2, '2024-01-06 02:00:37', '2024-01-06 02:00:37', NULL),
(485, 'Bathtub 5', 'Description for Bathtub 5', 3, 68, 32, 347.51, 2, 1, '2024-01-06 02:00:37', '2024-01-06 02:00:37', NULL),
(486, 'Bathtub 6', 'Description for Bathtub 6', 2, 61, 32, 702.14, 25, 1, '2024-01-06 02:00:37', '2024-01-06 02:00:37', NULL),
(487, 'Bathtub 7', 'Description for Bathtub 7', 10, 64, 32, 837.10, 18, 1, '2024-01-06 02:00:37', '2024-01-06 02:00:37', NULL),
(488, 'Bathtub 8', 'Description for Bathtub 8', 10, 67, 32, 744.25, 53, 1, '2024-01-06 02:00:37', '2024-01-06 02:00:37', NULL),
(489, 'Bathtub 9', 'Description for Bathtub 9', 1, 64, 32, 765.80, 64, 2, '2024-01-06 02:00:37', '2024-01-06 02:00:37', NULL),
(490, 'Bathtub 10', 'Description for Bathtub 10', 2, 70, 32, 968.63, 12, 2, '2024-01-06 02:00:37', '2024-01-06 02:00:37', NULL),
(496, 'Bicycles 1', 'Description for Bicycles 1', 5, 82, 33, 484.53, 72, 1, '2024-01-06 02:05:46', '2024-01-06 02:05:46', NULL),
(497, 'Bicycles 2', 'Description for Bicycles 2', 8, 88, 33, 600.97, 58, 1, '2024-01-06 02:05:46', '2024-01-06 02:05:46', NULL),
(498, 'Bicycles 3', 'Description for Bicycles 3', 6, 87, 33, 573.31, 65, 2, '2024-01-06 02:05:46', '2024-01-06 02:05:46', NULL),
(499, 'Bicycles 4', 'Description for Bicycles 4', 7, 87, 33, 519.40, 31, 1, '2024-01-06 02:05:46', '2024-01-06 02:05:46', NULL),
(500, 'Bicycles 5', 'Description for Bicycles 5', 10, 86, 33, 142.17, 55, 2, '2024-01-06 02:05:46', '2024-01-06 02:05:46', NULL),
(501, 'Bicycles 6', 'Description for Bicycles 6', 4, 85, 33, 280.43, 66, 2, '2024-01-06 02:05:46', '2024-01-06 02:05:46', NULL),
(502, 'Bicycles 7', 'Description for Bicycles 7', 4, 88, 33, 743.90, 32, 1, '2024-01-06 02:05:46', '2024-01-06 02:05:46', NULL),
(503, 'Bicycles 8', 'Description for Bicycles 8', 8, 83, 33, 734.25, 89, 1, '2024-01-06 02:05:46', '2024-01-06 02:05:46', NULL),
(504, 'Bicycles 9', 'Description for Bicycles 9', 8, 81, 33, 836.80, 1, 2, '2024-01-06 02:05:46', '2024-01-06 02:05:46', NULL),
(505, 'Bicycles 10', 'Description for Bicycles 10', 1, 82, 33, 539.80, 100, 2, '2024-01-06 02:05:46', '2024-01-06 02:05:46', NULL),
(511, 'Motorcycles 1', 'Description for Motorcycles 1', 5, 81, 34, 718.77, 37, 2, '2024-01-06 02:06:17', '2024-01-06 02:06:17', NULL),
(512, 'Motorcycles 2', 'Description for Motorcycles 2', 1, 83, 34, 255.22, 7, 2, '2024-01-06 02:06:17', '2024-01-06 02:06:17', NULL),
(513, 'Motorcycles 3', 'Description for Motorcycles 3', 10, 87, 34, 587.11, 69, 2, '2024-01-06 02:06:17', '2024-01-06 02:06:17', NULL),
(514, 'Motorcycles 4', 'Description for Motorcycles 4', 6, 82, 34, 287.74, 57, 1, '2024-01-06 02:06:17', '2024-01-06 02:06:17', NULL),
(515, 'Motorcycles 5', 'Description for Motorcycles 5', 2, 84, 34, 219.68, 74, 1, '2024-01-06 02:06:17', '2024-01-06 02:06:17', NULL),
(516, 'Motorcycles 6', 'Description for Motorcycles 6', 3, 89, 34, 775.78, 12, 1, '2024-01-06 02:06:17', '2024-01-06 02:06:17', NULL),
(517, 'Motorcycles 7', 'Description for Motorcycles 7', 10, 85, 34, 563.53, 8, 2, '2024-01-06 02:06:17', '2024-01-06 02:06:17', NULL),
(518, 'Motorcycles 8', 'Description for Motorcycles 8', 6, 81, 34, 737.42, 39, 2, '2024-01-06 02:06:17', '2024-01-06 02:06:17', NULL),
(519, 'Motorcycles 9', 'Description for Motorcycles 9', 2, 90, 34, 315.73, 36, 1, '2024-01-06 02:06:17', '2024-01-06 02:06:17', NULL),
(520, 'Motorcycles 10', 'Description for Motorcycles 10', 5, 85, 34, 187.90, 100, 2, '2024-01-06 02:06:17', '2024-01-06 02:06:17', NULL),
(526, 'Electric Bicycles 1', 'Description for Electric Bicycles 1', 8, 82, 35, 522.23, 89, 2, '2024-01-06 02:06:40', '2024-01-06 02:06:40', NULL),
(527, 'Electric Bicycles 2', 'Description for Electric Bicycles 2', 4, 88, 35, 580.54, 54, 1, '2024-01-06 02:06:40', '2024-01-06 02:06:40', NULL),
(528, 'Electric Bicycles 3', 'Description for Electric Bicycles 3', 10, 86, 35, 154.40, 51, 1, '2024-01-06 02:06:40', '2024-01-06 02:06:40', NULL),
(529, 'Electric Bicycles 4', 'Description for Electric Bicycles 4', 4, 88, 35, 770.83, 46, 1, '2024-01-06 02:06:40', '2024-01-06 02:06:40', NULL),
(530, 'Electric Bicycles 5', 'Description for Electric Bicycles 5', 9, 90, 35, 195.48, 79, 2, '2024-01-06 02:06:40', '2024-01-06 02:06:40', NULL),
(531, 'Electric Bicycles 6', 'Description for Electric Bicycles 6', 6, 83, 35, 783.68, 93, 1, '2024-01-06 02:06:40', '2024-01-06 02:06:40', NULL),
(532, 'Electric Bicycles 7', 'Description for Electric Bicycles 7', 9, 90, 35, 239.05, 99, 1, '2024-01-06 02:06:40', '2024-01-06 02:06:40', NULL),
(533, 'Electric Bicycles 8', 'Description for Electric Bicycles 8', 8, 82, 35, 407.96, 29, 1, '2024-01-06 02:06:40', '2024-01-06 02:06:40', NULL),
(534, 'Electric Bicycles 9', 'Description for Electric Bicycles 9', 8, 87, 35, 261.89, 89, 2, '2024-01-06 02:06:40', '2024-01-06 02:06:40', NULL),
(535, 'Electric Bicycles 10', 'Description for Electric Bicycles 10', 5, 86, 35, 345.97, 75, 2, '2024-01-06 02:06:40', '2024-01-06 02:06:40', NULL),
(541, 'Electric Scooters 1', 'Description for Electric Scooters 1', 7, 81, 36, 993.42, 94, 2, '2024-01-06 02:06:56', '2024-01-06 02:06:56', NULL),
(542, 'Electric Scooters 2', 'Description for Electric Scooters 2', 7, 86, 36, 736.58, 99, 2, '2024-01-06 02:06:56', '2024-01-06 02:06:56', NULL),
(543, 'Electric Scooters 3', 'Description for Electric Scooters 3', 5, 84, 36, 198.20, 61, 2, '2024-01-06 02:06:56', '2024-01-06 02:06:56', NULL),
(544, 'Electric Scooters 4', 'Description for Electric Scooters 4', 2, 88, 36, 345.35, 14, 2, '2024-01-06 02:06:56', '2024-01-06 02:06:56', NULL),
(545, 'Electric Scooters 5', 'Description for Electric Scooters 5', 2, 81, 36, 129.32, 89, 1, '2024-01-06 02:06:56', '2024-01-06 02:06:56', NULL),
(546, 'Electric Scooters 6', 'Description for Electric Scooters 6', 10, 85, 36, 513.01, 93, 1, '2024-01-06 02:06:56', '2024-01-06 02:06:56', NULL),
(547, 'Electric Scooters 7', 'Description for Electric Scooters 7', 6, 84, 36, 930.94, 71, 2, '2024-01-06 02:06:56', '2024-01-06 02:06:56', NULL),
(548, 'Electric Scooters 8', 'Description for Electric Scooters 8', 5, 83, 36, 145.19, 46, 1, '2024-01-06 02:06:56', '2024-01-06 02:06:56', NULL),
(549, 'Electric Scooters 9', 'Description for Electric Scooters 9', 9, 89, 36, 728.97, 96, 2, '2024-01-06 02:06:56', '2024-01-06 02:06:56', NULL),
(550, 'Electric Scooters 10', 'Description for Electric Scooters 10', 4, 87, 36, 451.84, 90, 1, '2024-01-06 02:06:56', '2024-01-06 02:06:56', NULL),
(556, 'Kids Bikes 1', 'Description for Kids Bikes 1', 10, 87, 37, 239.30, 96, 1, '2024-01-06 02:07:16', '2024-01-06 02:07:16', NULL),
(557, 'Kids Bikes 2', 'Description for Kids Bikes 2', 9, 90, 37, 221.78, 83, 2, '2024-01-06 02:07:16', '2024-01-06 02:07:16', NULL),
(558, 'Kids Bikes 3', 'Description for Kids Bikes 3', 9, 84, 37, 255.51, 78, 1, '2024-01-06 02:07:16', '2024-01-06 02:07:16', NULL),
(559, 'Kids Bikes 4', 'Description for Kids Bikes 4', 2, 83, 37, 176.13, 60, 2, '2024-01-06 02:07:16', '2024-01-06 02:07:16', NULL),
(560, 'Kids Bikes 5', 'Description for Kids Bikes 5', 10, 90, 37, 721.33, 69, 1, '2024-01-06 02:07:16', '2024-01-06 02:07:16', NULL),
(561, 'Kids Bikes 6', 'Description for Kids Bikes 6', 9, 86, 37, 393.42, 98, 2, '2024-01-06 02:07:16', '2024-01-06 02:07:16', NULL),
(562, 'Kids Bikes 7', 'Description for Kids Bikes 7', 8, 82, 37, 424.40, 48, 1, '2024-01-06 02:07:16', '2024-01-06 02:07:16', NULL),
(563, 'Kids Bikes 8', 'Description for Kids Bikes 8', 1, 87, 37, 925.25, 74, 2, '2024-01-06 02:07:16', '2024-01-06 02:07:16', NULL),
(564, 'Kids Bikes 9', 'Description for Kids Bikes 9', 6, 86, 37, 814.11, 44, 2, '2024-01-06 02:07:16', '2024-01-06 02:07:16', NULL),
(565, 'Kids Bikes 10', 'Description for Kids Bikes 10', 9, 87, 37, 839.81, 12, 1, '2024-01-06 02:07:16', '2024-01-06 02:07:16', NULL),
(571, 'Necklaces 1', 'Description for Necklaces 1', 2, 99, 38, 651.93, 65, 1, '2024-01-06 02:08:00', '2024-01-06 02:08:00', NULL),
(572, 'Necklaces 2', 'Description for Necklaces 2', 9, 98, 38, 163.89, 12, 1, '2024-01-06 02:08:00', '2024-01-06 02:08:00', NULL);
INSERT INTO `product` (`product_id`, `name`, `description`, `created_by_user_id`, `product_brand_id`, `product_category_id`, `price`, `stock`, `discount_id`, `created_at`, `updated_at`, `deleted_at`) VALUES
(573, 'Necklaces 3', 'Description for Necklaces 3', 6, 100, 38, 345.53, 38, 1, '2024-01-06 02:08:00', '2024-01-06 02:08:00', NULL),
(574, 'Necklaces 4', 'Description for Necklaces 4', 1, 97, 38, 991.84, 1, 1, '2024-01-06 02:08:00', '2024-01-06 02:08:00', NULL),
(575, 'Necklaces 5', 'Description for Necklaces 5', 5, 98, 38, 687.23, 89, 1, '2024-01-06 02:08:00', '2024-01-06 02:08:00', NULL),
(576, 'Necklaces 6', 'Description for Necklaces 6', 3, 92, 38, 754.26, 33, 1, '2024-01-06 02:08:00', '2024-01-06 02:08:00', NULL),
(577, 'Necklaces 7', 'Description for Necklaces 7', 9, 97, 38, 632.92, 1, 1, '2024-01-06 02:08:00', '2024-01-06 02:08:00', NULL),
(578, 'Necklaces 8', 'Description for Necklaces 8', 1, 96, 38, 447.92, 43, 2, '2024-01-06 02:08:00', '2024-01-06 02:08:00', NULL),
(579, 'Necklaces 9', 'Description for Necklaces 9', 6, 93, 38, 650.39, 30, 2, '2024-01-06 02:08:00', '2024-01-06 02:08:00', NULL),
(580, 'Necklaces 10', 'Description for Necklaces 10', 8, 93, 38, 842.18, 47, 2, '2024-01-06 02:08:00', '2024-01-06 02:08:00', NULL),
(586, 'Earrings 1', 'Description for Earrings 1', 6, 93, 39, 461.63, 39, 2, '2024-01-06 02:10:38', '2024-01-06 02:10:38', NULL),
(587, 'Earrings 2', 'Description for Earrings 2', 8, 93, 39, 154.97, 56, 2, '2024-01-06 02:10:38', '2024-01-06 02:10:38', NULL),
(588, 'Earrings 3', 'Description for Earrings 3', 10, 98, 39, 874.12, 11, 2, '2024-01-06 02:10:38', '2024-01-06 02:10:38', NULL),
(589, 'Earrings 4', 'Description for Earrings 4', 9, 98, 39, 383.87, 33, 2, '2024-01-06 02:10:38', '2024-01-06 02:10:38', NULL),
(590, 'Earrings 5', 'Description for Earrings 5', 8, 93, 39, 275.25, 20, 1, '2024-01-06 02:10:38', '2024-01-06 02:10:38', NULL),
(591, 'Earrings 6', 'Description for Earrings 6', 3, 92, 39, 200.83, 8, 1, '2024-01-06 02:10:38', '2024-01-06 02:10:38', NULL),
(592, 'Earrings 7', 'Description for Earrings 7', 4, 99, 39, 201.01, 7, 2, '2024-01-06 02:10:38', '2024-01-06 02:10:38', NULL),
(593, 'Earrings 8', 'Description for Earrings 8', 3, 93, 39, 621.47, 7, 2, '2024-01-06 02:10:38', '2024-01-06 02:10:38', NULL),
(594, 'Earrings 9', 'Description for Earrings 9', 5, 92, 39, 487.24, 68, 1, '2024-01-06 02:10:38', '2024-01-06 02:10:38', NULL),
(595, 'Earrings 10', 'Description for Earrings 10', 1, 99, 39, 442.40, 21, 2, '2024-01-06 02:10:38', '2024-01-06 02:10:38', NULL),
(601, 'Bracelets 1', 'Description for Bracelets 1', 10, 94, 40, 935.76, 55, 2, '2024-01-06 02:11:01', '2024-01-06 02:11:01', NULL),
(602, 'Bracelets 2', 'Description for Bracelets 2', 4, 97, 40, 112.06, 23, 1, '2024-01-06 02:11:01', '2024-01-06 02:11:01', NULL),
(603, 'Bracelets 3', 'Description for Bracelets 3', 3, 92, 40, 189.79, 8, 1, '2024-01-06 02:11:01', '2024-01-06 02:11:01', NULL),
(604, 'Bracelets 4', 'Description for Bracelets 4', 7, 96, 40, 761.62, 12, 1, '2024-01-06 02:11:01', '2024-01-06 02:11:01', NULL),
(605, 'Bracelets 5', 'Description for Bracelets 5', 9, 91, 40, 731.63, 39, 2, '2024-01-06 02:11:01', '2024-01-06 02:11:01', NULL),
(606, 'Bracelets 6', 'Description for Bracelets 6', 5, 96, 40, 333.60, 72, 2, '2024-01-06 02:11:01', '2024-01-06 02:11:01', NULL),
(607, 'Bracelets 7', 'Description for Bracelets 7', 7, 95, 40, 451.95, 54, 1, '2024-01-06 02:11:01', '2024-01-06 02:11:01', NULL),
(608, 'Bracelets 8', 'Description for Bracelets 8', 7, 99, 40, 157.46, 87, 1, '2024-01-06 02:11:01', '2024-01-06 02:11:01', NULL),
(609, 'Bracelets 9', 'Description for Bracelets 9', 3, 94, 40, 249.94, 65, 2, '2024-01-06 02:11:01', '2024-01-06 02:11:01', NULL),
(610, 'Bracelets 10', 'Description for Bracelets 10', 3, 100, 40, 351.79, 46, 1, '2024-01-06 02:11:01', '2024-01-06 02:11:01', NULL),
(616, 'Rings 1', 'Description for Rings 1', 8, 93, 41, 839.91, 46, 2, '2024-01-06 02:12:28', '2024-01-06 02:12:28', NULL),
(617, 'Rings 2', 'Description for Rings 2', 6, 99, 41, 367.01, 4, 1, '2024-01-06 02:12:28', '2024-01-06 02:12:28', NULL),
(618, 'Rings 3', 'Description for Rings 3', 8, 98, 41, 707.35, 5, 1, '2024-01-06 02:12:28', '2024-01-06 02:12:28', NULL),
(619, 'Rings 4', 'Description for Rings 4', 3, 93, 41, 499.16, 54, 1, '2024-01-06 02:12:28', '2024-01-06 02:12:28', NULL),
(620, 'Rings 5', 'Description for Rings 5', 10, 100, 41, 183.20, 52, 1, '2024-01-06 02:12:28', '2024-01-06 02:12:28', NULL),
(621, 'Rings 6', 'Description for Rings 6', 2, 99, 41, 207.31, 94, 1, '2024-01-06 02:12:28', '2024-01-06 02:12:28', NULL),
(622, 'Rings 7', 'Description for Rings 7', 1, 93, 41, 422.58, 91, 1, '2024-01-06 02:12:28', '2024-01-06 02:12:28', NULL),
(623, 'Rings 8', 'Description for Rings 8', 8, 95, 41, 122.63, 82, 1, '2024-01-06 02:12:28', '2024-01-06 02:12:28', NULL),
(624, 'Rings 9', 'Description for Rings 9', 7, 98, 41, 852.06, 84, 2, '2024-01-06 02:12:28', '2024-01-06 02:12:28', NULL),
(625, 'Rings 10', 'Description for Rings 10', 2, 98, 41, 693.71, 92, 2, '2024-01-06 02:12:28', '2024-01-06 02:12:28', NULL),
(631, 'Brooches 1', 'Description for Brooches 1', 5, 96, 42, 231.08, 15, 1, '2024-01-06 02:12:51', '2024-01-06 02:12:51', NULL),
(632, 'Brooches 2', 'Description for Brooches 2', 2, 93, 42, 990.39, 10, 2, '2024-01-06 02:12:51', '2024-01-06 02:12:51', NULL),
(633, 'Brooches 3', 'Description for Brooches 3', 3, 92, 42, 144.15, 75, 2, '2024-01-06 02:12:51', '2024-01-06 02:12:51', NULL),
(634, 'Brooches 4', 'Description for Brooches 4', 2, 97, 42, 850.14, 29, 2, '2024-01-06 02:12:51', '2024-01-06 02:12:51', NULL),
(635, 'Brooches 5', 'Description for Brooches 5', 9, 96, 42, 238.84, 12, 1, '2024-01-06 02:12:51', '2024-01-06 02:12:51', NULL),
(636, 'Brooches 6', 'Description for Brooches 6', 4, 98, 42, 532.18, 25, 2, '2024-01-06 02:12:51', '2024-01-06 02:12:51', NULL),
(637, 'Brooches 7', 'Description for Brooches 7', 2, 93, 42, 618.57, 24, 1, '2024-01-06 02:12:51', '2024-01-06 02:12:51', NULL),
(638, 'Brooches 8', 'Description for Brooches 8', 9, 92, 42, 571.08, 7, 2, '2024-01-06 02:12:51', '2024-01-06 02:12:51', NULL),
(639, 'Brooches 9', 'Description for Brooches 9', 9, 96, 42, 102.43, 46, 1, '2024-01-06 02:12:51', '2024-01-06 02:12:51', NULL),
(640, 'Brooches 10', 'Description for Brooches 10', 2, 95, 42, 934.42, 19, 1, '2024-01-06 02:12:51', '2024-01-06 02:12:51', NULL),
(646, 'Kitchenware 1', 'Description for Kitchenware 1', 2, 110, 43, 441.00, 7, 1, '2024-01-06 02:17:36', '2024-01-06 02:17:36', NULL),
(647, 'Kitchenware 2', 'Description for Kitchenware 2', 10, 104, 43, 151.08, 15, 2, '2024-01-06 02:17:36', '2024-01-06 02:17:36', NULL),
(648, 'Kitchenware 3', 'Description for Kitchenware 3', 9, 108, 43, 198.78, 32, 1, '2024-01-06 02:17:36', '2024-01-06 02:17:36', NULL),
(649, 'Kitchenware 4', 'Description for Kitchenware 4', 9, 105, 43, 812.35, 48, 2, '2024-01-06 02:17:36', '2024-01-06 02:17:36', NULL),
(650, 'Kitchenware 5', 'Description for Kitchenware 5', 8, 109, 43, 935.39, 10, 2, '2024-01-06 02:17:36', '2024-01-06 02:17:36', NULL),
(651, 'Kitchenware 6', 'Description for Kitchenware 6', 8, 109, 43, 912.26, 4, 1, '2024-01-06 02:17:36', '2024-01-06 02:17:36', NULL),
(652, 'Kitchenware 7', 'Description for Kitchenware 7', 2, 102, 43, 287.91, 65, 2, '2024-01-06 02:17:36', '2024-01-06 02:17:36', NULL),
(653, 'Kitchenware 8', 'Description for Kitchenware 8', 2, 102, 43, 349.52, 87, 2, '2024-01-06 02:17:36', '2024-01-06 02:17:36', NULL),
(654, 'Kitchenware 9', 'Description for Kitchenware 9', 9, 108, 43, 456.69, 66, 1, '2024-01-06 02:17:36', '2024-01-06 02:17:36', NULL),
(655, 'Kitchenware 10', 'Description for Kitchenware 10', 6, 106, 43, 273.76, 24, 2, '2024-01-06 02:17:36', '2024-01-06 02:17:36', NULL),
(661, 'Home Decor 1', 'Description for Home Decor 1', 10, 102, 44, 870.24, 84, 2, '2024-01-06 02:18:08', '2024-01-06 02:18:08', NULL),
(662, 'Home Decor 2', 'Description for Home Decor 2', 10, 110, 44, 958.89, 91, 2, '2024-01-06 02:18:08', '2024-01-06 02:18:08', NULL),
(663, 'Home Decor 3', 'Description for Home Decor 3', 10, 108, 44, 956.90, 42, 1, '2024-01-06 02:18:08', '2024-01-06 02:18:08', NULL),
(664, 'Home Decor 4', 'Description for Home Decor 4', 10, 105, 44, 347.06, 4, 1, '2024-01-06 02:18:08', '2024-01-06 02:18:08', NULL),
(665, 'Home Decor 5', 'Description for Home Decor 5', 10, 102, 44, 218.48, 8, 1, '2024-01-06 02:18:08', '2024-01-06 02:18:08', NULL),
(666, 'Home Decor 6', 'Description for Home Decor 6', 2, 102, 44, 158.72, 100, 2, '2024-01-06 02:18:08', '2024-01-06 02:18:08', NULL),
(667, 'Home Decor 7', 'Description for Home Decor 7', 2, 109, 44, 774.20, 28, 1, '2024-01-06 02:18:08', '2024-01-06 02:18:08', NULL),
(668, 'Home Decor 8', 'Description for Home Decor 8', 3, 108, 44, 921.21, 36, 1, '2024-01-06 02:18:08', '2024-01-06 02:18:08', NULL),
(669, 'Home Decor 9', 'Description for Home Decor 9', 10, 103, 44, 251.27, 17, 1, '2024-01-06 02:18:08', '2024-01-06 02:18:08', NULL),
(670, 'Home Decor 10', 'Description for Home Decor 10', 3, 110, 44, 980.20, 10, 2, '2024-01-06 02:18:08', '2024-01-06 02:18:08', NULL),
(676, 'Bedding 1', 'Description for Bedding 1', 8, 110, 45, 813.00, 3, 2, '2024-01-06 02:18:27', '2024-01-06 02:18:27', NULL),
(677, 'Bedding 2', 'Description for Bedding 2', 4, 104, 45, 647.70, 1, 1, '2024-01-06 02:18:27', '2024-01-06 02:18:27', NULL),
(678, 'Bedding 3', 'Description for Bedding 3', 10, 106, 45, 937.71, 100, 1, '2024-01-06 02:18:27', '2024-01-06 02:18:27', NULL),
(679, 'Bedding 4', 'Description for Bedding 4', 5, 106, 45, 402.35, 2, 1, '2024-01-06 02:18:27', '2024-01-06 02:18:27', NULL),
(680, 'Bedding 5', 'Description for Bedding 5', 8, 102, 45, 506.06, 79, 2, '2024-01-06 02:18:27', '2024-01-06 02:18:27', NULL),
(681, 'Bedding 6', 'Description for Bedding 6', 1, 108, 45, 588.04, 51, 2, '2024-01-06 02:18:27', '2024-01-06 02:18:27', NULL),
(682, 'Bedding 7', 'Description for Bedding 7', 4, 102, 45, 833.15, 60, 2, '2024-01-06 02:18:27', '2024-01-06 02:18:27', NULL),
(683, 'Bedding 8', 'Description for Bedding 8', 4, 110, 45, 973.67, 87, 1, '2024-01-06 02:18:27', '2024-01-06 02:18:27', NULL),
(684, 'Bedding 9', 'Description for Bedding 9', 4, 101, 45, 564.72, 33, 1, '2024-01-06 02:18:27', '2024-01-06 02:18:27', NULL),
(685, 'Bedding 10', 'Description for Bedding 10', 8, 110, 45, 272.86, 24, 2, '2024-01-06 02:18:27', '2024-01-06 02:18:27', NULL),
(691, 'Cleaning Supplies 1', 'Description for Cleaning Supplies 1', 8, 105, 46, 982.91, 62, 1, '2024-01-06 02:18:45', '2024-01-06 02:18:45', NULL),
(692, 'Cleaning Supplies 2', 'Description for Cleaning Supplies 2', 5, 106, 46, 454.51, 33, 1, '2024-01-06 02:18:45', '2024-01-06 02:18:45', NULL),
(693, 'Cleaning Supplies 3', 'Description for Cleaning Supplies 3', 5, 103, 46, 148.24, 48, 1, '2024-01-06 02:18:45', '2024-01-06 02:18:45', NULL),
(694, 'Cleaning Supplies 4', 'Description for Cleaning Supplies 4', 1, 101, 46, 971.19, 69, 2, '2024-01-06 02:18:45', '2024-01-06 02:18:45', NULL),
(695, 'Cleaning Supplies 5', 'Description for Cleaning Supplies 5', 4, 110, 46, 700.23, 46, 1, '2024-01-06 02:18:45', '2024-01-06 02:18:45', NULL),
(696, 'Cleaning Supplies 6', 'Description for Cleaning Supplies 6', 9, 106, 46, 450.98, 27, 1, '2024-01-06 02:18:45', '2024-01-06 02:18:45', NULL),
(697, 'Cleaning Supplies 7', 'Description for Cleaning Supplies 7', 3, 106, 46, 905.25, 94, 2, '2024-01-06 02:18:45', '2024-01-06 02:18:45', NULL),
(698, 'Cleaning Supplies 8', 'Description for Cleaning Supplies 8', 1, 106, 46, 473.35, 53, 1, '2024-01-06 02:18:45', '2024-01-06 02:18:45', NULL),
(699, 'Cleaning Supplies 9', 'Description for Cleaning Supplies 9', 3, 108, 46, 275.08, 68, 2, '2024-01-06 02:18:45', '2024-01-06 02:18:45', NULL),
(700, 'Cleaning Supplies 10', 'Description for Cleaning Supplies 10', 4, 104, 46, 568.37, 70, 2, '2024-01-06 02:18:45', '2024-01-06 02:18:45', NULL);

-- --------------------------------------------------------

--
-- Cấu trúc bảng cho bảng `product_brand`
--

CREATE TABLE `product_brand` (
  `product_brand_id` bigint(20) UNSIGNED NOT NULL,
  `field_id` bigint(20) UNSIGNED NOT NULL,
  `product_brand_name` varchar(50) NOT NULL,
  `description` text DEFAULT NULL,
  `logo` text DEFAULT NULL,
  `created_at` timestamp NULL DEFAULT NULL,
  `updated_at` timestamp NULL DEFAULT NULL,
  `deleted_at` timestamp NULL DEFAULT NULL
) ENGINE=InnoDB DEFAULT CHARSET=utf8mb4 COLLATE=utf8mb4_unicode_ci;

--
-- Đang đổ dữ liệu cho bảng `product_brand`
--

INSERT INTO `product_brand` (`product_brand_id`, `field_id`, `product_brand_name`, `description`, `logo`, `created_at`, `updated_at`, `deleted_at`) VALUES
(1, 1, 'Samsung', 'Leading technology company in electronics', 'samsung_logo.png', '2023-05-19 02:30:00', '2023-05-19 02:30:00', NULL),
(2, 1, 'Apple', 'Innovative products and design', 'apple_logo.png', '2023-05-20 08:45:00', '2023-05-20 08:45:00', NULL),
(3, 1, 'Huawei', 'Global provider of information and communications technology', 'huawei_logo.png', '2023-05-21 05:00:00', '2023-05-21 05:00:00', NULL),
(4, 1, 'Xiaomi', 'Chinese electronics company', 'xiaomi_logo.png', '2023-05-22 11:30:00', '2023-05-22 11:30:00', NULL),
(5, 1, 'Sony', 'Multinational conglomerate corporation', 'sony_logo.png', '2023-05-23 03:10:00', '2023-05-23 03:10:00', NULL),
(6, 1, 'OnePlus', 'Never Settle - Flagship Killer', 'oneplus_logo.svg', '2023-05-24 07:00:00', '2023-05-24 07:00:00', NULL),
(7, 1, 'Google Pixel', 'Devices designed around you', 'google_pixel_logo.png', '2023-05-25 02:00:00', '2023-05-25 02:00:00', NULL),
(8, 1, 'Motorola', 'Innovative technology for a better tomorrow', 'motorola_logo.png', '2023-05-26 08:15:00', '2023-05-26 08:15:00', NULL),
(9, 1, 'Nokia', 'Connecting People', 'nokia_logo.jpg', '2023-05-27 05:30:00', '2023-05-27 05:30:00', NULL),
(10, 1, 'BlackBerry', 'Intelligent Security. Everywhere.', 'blackberry_logo.png', '2023-05-28 10:45:00', '2023-05-28 10:45:00', NULL),
(11, 2, 'Sony', 'Multinational conglomerate corporation', 'sony_logo.png', '2023-05-29 03:30:00', '2023-05-29 03:30:00', NULL),
(12, 2, 'LG', 'Global leader in electronics, mobile communications', 'lg_logo.png', '2023-05-30 07:45:00', '2023-05-30 07:45:00', NULL),
(13, 2, 'Samsung', 'Leading technology company in electronics', 'samsung_logo.png', '2023-05-31 04:00:00', '2023-05-31 04:00:00', NULL),
(14, 2, 'Panasonic', 'Making life better', 'panasonic_logo.png', '2023-06-01 10:15:00', '2023-06-01 10:15:00', NULL),
(15, 2, 'Philips', 'Innovation and You', 'philips_logo.png', '2023-06-02 03:30:00', '2023-06-02 03:30:00', NULL),
(16, 2, 'Bose', 'Better sound through research', 'bose_logo.png', '2023-06-03 07:45:00', '2023-06-03 07:45:00', NULL),
(17, 2, 'Dell', 'Empowering countries, communities, customers', 'dell_logo.png', '2023-06-04 04:00:00', '2023-06-04 04:00:00', NULL),
(18, 2, 'HP', 'Keep Reinventing', 'hp_logo.png', '2023-06-05 10:15:00', '2023-06-05 10:15:00', NULL),
(19, 2, 'Lenovo', 'For Those Who Do', 'lenovo_logo.png', '2023-06-06 03:30:00', '2023-06-06 03:30:00', NULL),
(20, 2, 'Acer', 'Empowering People', 'acer_logo.png', '2023-06-07 07:45:00', '2023-06-07 07:45:00', NULL),
(21, 3, 'Apple', 'Innovative products and design', 'apple_logo.png', '2023-06-08 02:30:00', '2023-06-08 02:30:00', NULL),
(22, 3, 'Dell', 'Empowering countries, communities, customers', 'dell_logo.png', '2023-06-09 08:45:00', '2023-06-09 08:45:00', NULL),
(23, 3, 'HP', 'Keep Reinventing', 'hp_logo.png', '2023-06-10 05:00:00', '2023-06-10 05:00:00', NULL),
(24, 3, 'Lenovo', 'For Those Who Do', 'lenovo_logo.png', '2023-06-11 11:30:00', '2023-06-11 11:30:00', NULL),
(25, 3, 'Acer', 'Empowering People', 'acer_logo.png', '2023-06-12 03:10:00', '2023-06-12 03:10:00', NULL),
(26, 3, 'Asus', 'In Search of Incredible', 'asus_logo.png', '2023-06-13 07:00:00', '2023-06-13 07:00:00', NULL),
(27, 3, 'Microsoft', 'Empower every person and every organization on the planet', 'microsoft_logo.png', '2023-06-14 02:00:00', '2023-06-14 02:00:00', NULL),
(28, 3, 'Acer', 'Empowering People', 'acer_logo.png', '2023-06-15 08:15:00', '2023-06-15 08:15:00', NULL),
(29, 3, 'MSI', 'True Gaming', 'msi_logo.png', '2023-06-16 05:30:00', '2023-06-16 05:30:00', NULL),
(30, 3, 'LG', 'Global leader in electronics, mobile communications', 'lg_logo.png', '2023-06-17 10:45:00', '2023-06-17 10:45:00', NULL),
(31, 4, 'Rolex', 'Swiss luxury watch manufacturer', 'rolex_logo.png', '2023-06-18 03:30:00', '2023-06-18 03:30:00', NULL),
(32, 4, 'Casio', 'Japanese multinational consumer electronics and commercial electronics manufacturing company', 'casio_logo.png', '2023-06-19 07:45:00', '2023-06-19 07:45:00', NULL),
(33, 4, 'Omega', 'Swiss luxury watchmaker', 'omega_logo.png', '2023-06-20 02:00:00', '2023-06-20 02:00:00', NULL),
(34, 4, 'Seiko', 'Japanese manufacturer of watches, clocks, electronic devices, semiconductors, jewel', 'seiko_logo.png', '2023-06-21 08:15:00', '2023-06-21 08:15:00', NULL),
(35, 4, 'Citizen', 'Japanese watchmaker', 'citizen_logo.png', '2023-06-22 05:30:00', '2023-06-22 05:30:00', NULL),
(36, 4, 'Tag Heuer', 'Swiss luxury watchmaker', 'tagheuer_logo.png', '2023-06-23 11:45:00', '2023-06-23 11:45:00', NULL),
(37, 4, 'Bulova', 'American watch brand', 'bulova_logo.png', '2023-06-24 03:15:00', '2023-06-24 03:15:00', NULL),
(38, 4, 'Fossil', 'American fashion designer and manufacturer', 'fossil_logo.png', '2023-06-25 07:30:00', '2023-06-25 07:30:00', NULL),
(39, 4, 'Swatch', 'Swiss watchmaker', 'swatch_logo.png', '2023-06-26 02:45:00', '2023-06-26 02:45:00', NULL),
(40, 4, 'Timex', 'American manufacturing company', 'timex_logo.png', '2023-06-27 08:00:00', '2023-06-27 08:00:00', NULL),
(41, 5, 'Penguin Random House', 'American book publishing company', 'penguin_random_house_logo.png', '2023-06-28 05:15:00', '2023-06-28 05:15:00', NULL),
(42, 5, 'HarperCollins', 'American book publisher', 'harpercollins_logo.png', '2023-06-29 10:30:00', '2023-06-29 10:30:00', NULL),
(43, 5, 'Simon & Schuster', 'American publishing company', 'simon_schuster_logo.png', '2023-06-30 03:45:00', '2023-06-30 03:45:00', NULL),
(44, 5, 'Hachette Livre', 'French publishing group', 'hachette_livre_logo.png', '2023-07-01 08:00:00', '2023-07-01 08:00:00', NULL),
(45, 5, 'Macmillan Publishers', 'American publishing company', 'macmillan_publishers_logo.png', '2023-07-02 01:30:00', '2023-07-02 01:30:00', NULL),
(46, 5, 'Scholastic Corporation', 'American multinational publishing, education and media company', 'scholastic_corporation_logo.png', '2023-07-03 06:45:00', '2023-07-03 06:45:00', NULL),
(47, 5, 'Wiley', 'Global publishing company', 'wiley_logo.png', '2023-07-04 04:00:00', '2023-07-04 04:00:00', NULL),
(48, 5, 'Oxford University Press', 'Largest university press in the world', 'oxford_university_press_logo.png', '2023-07-05 09:15:00', '2023-07-05 09:15:00', NULL),
(49, 5, 'Pearson plc', 'British multinational publishing and education company', 'pearson_logo.png', '2023-07-06 02:30:00', '2023-07-06 02:30:00', NULL),
(50, 5, 'Bloomsbury Publishing', 'Independent worldwide publishing house', 'bloomsbury_publishing_logo.png', '2023-07-07 07:45:00', '2023-07-07 07:45:00', NULL),
(51, 6, 'LEGO', 'Danish toy production company', 'lego_logo.png', '2023-07-08 05:00:00', '2023-07-08 05:00:00', NULL),
(52, 6, 'Mattel', 'American multinational toy manufacturer', 'mattel_logo.png', '2023-07-09 11:15:00', '2023-07-09 11:15:00', NULL),
(53, 6, 'Hasbro', 'American multinational conglomerate with toy, board game, and media assets', 'hasbro_logo.png', '2023-07-10 03:30:00', '2023-07-10 03:30:00', NULL),
(54, 6, 'Fisher-Price', 'American company that produces educational toys for children', 'fisher_price_logo.png', '2023-07-11 08:45:00', '2023-07-11 08:45:00', NULL),
(55, 6, 'Melissa & Doug', 'American manufacturer of children\'s toys', 'melissa_doug_logo.png', '2023-07-12 02:00:00', '2023-07-12 02:00:00', NULL),
(56, 6, 'Nerf', 'Toy brand created by Parker Brothers', 'nerf_logo.png', '2023-07-13 07:15:00', '2023-07-13 07:15:00', NULL),
(57, 6, 'Barbie', 'Fashion doll manufactured by the American toy company Mattel', 'barbie_logo.png', '2023-07-14 04:30:00', '2023-07-14 04:30:00', NULL),
(58, 6, 'Hot Wheels', 'Die-cast toy cars introduced by American toy maker Mattel', 'hot_wheels_logo.png', '2023-07-15 09:45:00', '2023-07-15 09:45:00', NULL),
(59, 6, 'Play-Doh', 'Non-toxic modeling compound for children', 'play_doh_logo.png', '2023-07-16 03:00:00', '2023-07-16 03:00:00', NULL),
(60, 6, 'L.O.L. Surprise!', 'Line of fashion dolls and toys', 'lol_surprise_logo.png', '2023-07-17 08:15:00', '2023-07-17 08:15:00', NULL),
(61, 7, 'IKEA', 'Affordable furniture with modern design', 'ikea_logo.png', '2023-07-18 05:00:00', '2023-07-18 05:00:00', NULL),
(62, 7, 'Ashley Furniture', 'Quality furniture for every lifestyle', 'ashley_logo.png', '2023-07-19 11:15:00', '2023-07-19 11:15:00', NULL),
(63, 7, 'Wayfair', 'Home goods and furniture retailer', 'wayfair_logo.png', '2023-07-20 03:30:00', '2023-07-20 03:30:00', NULL),
(64, 7, 'Rooms To Go', 'American furniture store chain', 'rooms_to_go_logo.png', '2023-07-21 08:45:00', '2023-07-21 08:45:00', NULL),
(65, 7, 'Bob\'s Discount Furniture', 'American furniture store chain', 'bobs_discount_furniture_logo.png', '2023-07-22 02:00:00', '2023-07-22 02:00:00', NULL),
(66, 7, 'Ethan Allen', 'American furniture chain', 'ethan_allen_logo.png', '2023-07-23 07:15:00', '2023-07-23 07:15:00', NULL),
(67, 7, 'La-Z-Boy', 'American furniture manufacturer', 'la_z_boy_logo.png', '2023-07-24 04:30:00', '2023-07-24 04:30:00', NULL),
(68, 7, 'Raymour & Flanigan', 'American furniture retail chain', 'raymour_flanigan_logo.png', '2023-07-25 09:45:00', '2023-07-25 09:45:00', NULL),
(69, 7, 'Havertys', 'Furniture retailer', 'havertys_logo.png', '2023-07-26 03:00:00', '2023-07-26 03:00:00', NULL),
(70, 7, 'Badcock Home Furniture &more', 'American furniture retailer', 'badcock_home_furniture_logo.png', '2023-07-27 08:15:00', '2023-07-27 08:15:00', NULL),
(81, 8, 'Toyota', 'Reliable and efficient vehicles', 'toyota_logo.png', '2023-06-20 02:30:00', '2023-06-20 02:30:00', NULL),
(82, 8, 'Honda', 'Innovative and durable vehicles', 'honda_logo.png', '2023-06-21 08:45:00', '2023-06-21 08:45:00', NULL),
(83, 8, 'Ford', 'Iconic American automobile manufacturer', 'ford_logo.png', '2023-06-22 05:00:00', '2023-06-22 05:00:00', NULL),
(84, 8, 'Chevrolet', 'Bringing technology and performance together', 'chevrolet_logo.png', '2023-06-23 11:30:00', '2023-06-23 11:30:00', NULL),
(85, 8, 'Tesla', 'Innovative electric vehicles and clean energy', 'tesla_logo.png', '2023-06-24 03:10:00', '2023-06-24 03:10:00', NULL),
(86, 8, 'BMW', 'The Ultimate Driving Machine', 'bmw_logo.png', '2023-06-25 07:00:00', '2023-06-25 07:00:00', NULL),
(87, 8, 'Mercedes-Benz', 'The best or nothing', 'mercedes_logo.png', '2023-06-26 02:00:00', '2023-06-26 02:00:00', NULL),
(88, 8, 'Audi', 'Vorsprung durch Technik', 'audi_logo.png', '2023-06-27 08:15:00', '2023-06-27 08:15:00', NULL),
(89, 8, 'Nissan', 'Innovation that excites', 'nissan_logo.png', '2023-06-28 05:30:00', '2023-06-28 05:30:00', NULL),
(90, 8, 'Kia', 'The Power to Surprise', 'kia_logo.png', '2023-06-29 10:45:00', '2023-06-29 10:45:00', NULL),
(91, 9, 'Tiffany & Co.', 'Luxury jewelry and specialty retailer', 'tiffany_logo.png', '2023-06-30 03:30:00', '2023-06-30 03:30:00', NULL),
(92, 9, 'Cartier', 'French luxury goods conglomerate', 'cartier_logo.png', '2023-07-01 07:45:00', '2023-07-01 07:45:00', NULL),
(93, 9, 'Harry Winston', 'Jeweler to the Stars', 'harrywinston_logo.png', '2023-07-02 04:00:00', '2023-07-02 04:00:00', NULL),
(94, 9, 'Bvlgari', 'Italian luxury brand known for jewelry', 'bvlgari_logo.png', '2023-07-03 10:15:00', '2023-07-03 10:15:00', NULL),
(95, 9, 'Chopard', 'Swiss watchmaker and jewelry maison', 'chopard_logo.png', '2023-07-04 03:30:00', '2023-07-04 03:30:00', NULL),
(96, 9, 'David Yurman', 'American jewelry designer', 'davidyurman_logo.png', '2023-07-05 07:45:00', '2023-07-05 07:45:00', NULL),
(97, 9, 'Van Cleef & Arpels', 'French luxury jewelry, watch, and perfume company', 'vancleefarpels_logo.png', '2023-07-06 04:00:00', '2023-07-06 04:00:00', NULL),
(98, 9, 'Piaget', 'Swiss luxury watchmaker and jeweler', 'piaget_logo.png', '2023-07-07 10:45:00', '2023-07-07 10:45:00', NULL),
(99, 9, 'Boucheron', 'French luxury jewelry and watch brand', 'boucheron_logo.png', '2023-07-08 03:30:00', '2023-07-08 03:30:00', NULL),
(100, 9, 'Mikimoto', 'Japanese luxury pearl company', 'mikimoto_logo.png', '2023-07-09 07:45:00', '2023-07-09 07:45:00', NULL),
(101, 10, 'IKEA', 'Affordable furniture with modern design', 'ikea_logo.png', '2023-07-10 05:00:00', '2023-07-10 05:00:00', NULL),
(102, 10, 'Ashley Furniture', 'Quality furniture for every lifestyle', 'ashley_logo.png', '2023-07-11 11:30:00', '2023-07-11 11:30:00', NULL),
(103, 10, 'Wayfair', 'Home goods and furniture retailer', 'wayfair_logo.png', '2023-07-12 03:10:00', '2023-07-12 03:10:00', NULL),
(104, 10, 'Pottery Barn', 'Furnishings for the home, indoor and outdoor', 'potterybarn_logo.png', '2023-07-13 07:00:00', '2023-07-13 07:00:00', NULL),
(105, 10, 'Crate and Barrel', 'Modern furniture, home decor, and housewares', 'cratebarrel_logo.png', '2023-07-14 02:00:00', '2023-07-14 02:00:00', NULL),
(106, 10, 'West Elm', 'Modern furniture and home decor', 'westelm_logo.png', '2023-07-15 08:15:00', '2023-07-15 08:15:00', NULL),
(107, 10, 'Williams-Sonoma', 'High-quality cookware and kitchenware', 'williamssonoma_logo.png', '2023-07-16 05:30:00', '2023-07-16 05:30:00', NULL),
(108, 10, 'Bed Bath & Beyond', 'Domestic merchandise retail chain', 'bedbathbeyond_logo.png', '2023-07-17 10:45:00', '2023-07-17 10:45:00', NULL),
(109, 10, 'Target', 'Discount store retailer', 'target_logo.png', '2023-07-18 03:30:00', '2023-07-18 03:30:00', NULL),
(110, 10, 'HomeGoods', 'Off-price home fashion retailer', 'homegoods_logo.png', '2023-07-19 07:45:00', '2023-07-19 07:45:00', NULL);

-- --------------------------------------------------------

--
-- Cấu trúc bảng cho bảng `product_category`
--

CREATE TABLE `product_category` (
  `product_category_id` bigint(20) UNSIGNED NOT NULL,
  `field_id` bigint(20) UNSIGNED NOT NULL,
  `product_category_name` varchar(50) DEFAULT NULL,
  `description` text DEFAULT NULL,
  `icon` varchar(50) DEFAULT NULL,
  `created_at` timestamp NULL DEFAULT NULL,
  `updated_at` timestamp NULL DEFAULT NULL,
  `deleted_at` timestamp NULL DEFAULT NULL
) ENGINE=InnoDB DEFAULT CHARSET=utf8mb4 COLLATE=utf8mb4_unicode_ci;

--
-- Đang đổ dữ liệu cho bảng `product_category`
--

INSERT INTO `product_category` (`product_category_id`, `field_id`, `product_category_name`, `description`, `icon`, `created_at`, `updated_at`, `deleted_at`) VALUES
(1, 1, 'Smartphones', 'All-in-one communication devices', 'smartphones_icon.png', '2023-04-01 02:30:00', '2023-04-01 02:30:00', NULL),
(2, 1, 'Tablets', 'Portable touch-screen devices', 'tablets_icon.png', '2023-04-02 08:45:00', '2023-04-02 08:45:00', NULL),
(3, 1, 'Power Banks', 'Portable chargers for mobile devices', 'powerbank.png', '2023-04-03 05:00:00', '2023-04-03 05:00:00', NULL),
(4, 1, 'SIM Cards', 'Subscriber Identity Module for mobile networks', 'sim-card.png', '2023-04-04 11:30:00', '2023-04-04 11:30:00', NULL),
(5, 2, 'Smart TVs', 'Televisions with smart features', 'smart_tvs_icon.svg', '2023-04-05 02:30:00', '2023-04-05 02:30:00', NULL),
(6, 2, 'Speakers', 'Audio devices for sound reproduction', 'speakers_icon.svg', '2023-04-06 08:45:00', '2023-04-06 08:45:00', NULL),
(7, 2, 'Headphones', 'Audio devices for private listening', 'headphones_icon.svg', '2023-04-07 05:00:00', '2023-04-07 05:00:00', NULL),
(8, 2, 'Gaming Discs', 'Optical discs for gaming consoles', 'gaming_discs_icon.svg', '2023-04-08 11:30:00', '2023-04-08 11:30:00', NULL),
(9, 3, 'Desktop Computers', 'Stationary computers for various applications', 'desktop_computers_icon.svg', '2023-04-09 02:30:00', '2023-04-09 02:30:00', NULL),
(10, 3, 'Laptops', 'Portable computers for work and entertainment', 'laptops_icon.svg', '2023-04-10 08:45:00', '2023-04-10 08:45:00', NULL),
(11, 3, 'Monitors', 'Displays for desktop computers and laptops', 'monitors_icon.svg', '2023-04-11 05:00:00', '2023-04-11 05:00:00', NULL),
(12, 3, 'Gaming PCs', 'High-performance computers for gaming', 'gaming_pcs_icon.svg', '2023-04-12 11:30:00', '2023-04-12 11:30:00', NULL),
(13, 3, 'Printers', 'Devices for producing printed documents', 'printers_icon.svg', '2023-04-13 03:10:00', '2023-04-13 03:10:00', NULL),
(14, 3, 'Projectors', 'Devices for projecting images onto surfaces', 'projectors_icon.svg', '2023-04-14 07:00:00', '2023-04-14 07:00:00', NULL),
(15, 4, 'Men Watches', 'Wristwatches for men', 'mens_watches_icon.svg', '2023-04-15 02:30:00', '2023-04-15 02:30:00', NULL),
(16, 4, 'Women Watches', 'Wristwatches for women', 'womens_watches_icon.svg', '2023-04-16 08:45:00', '2023-04-16 08:45:00', NULL),
(17, 4, 'Children Watches', 'Wristwatches for kids', 'childrens_watches_icon.svg', '2023-04-17 05:00:00', '2023-04-17 05:00:00', NULL),
(18, 5, 'Fiction Books', 'Imaginary and creative storytelling', 'fiction_books_icon.svg', '2023-04-18 02:30:00', '2023-04-18 02:30:00', NULL),
(19, 5, 'Non-Fiction Books', 'Based on real events and facts', 'nonfiction_books_icon.svg', '2023-04-19 08:45:00', '2023-04-19 08:45:00', NULL),
(20, 5, 'Mystery/Thriller Books', 'Books that keep readers on the edge of their seats', 'mystery_thriller_books_icon.svg', '2023-04-20 05:00:00', '2023-04-20 05:00:00', NULL),
(21, 5, 'Science Fiction Books', 'Books exploring futuristic concepts and technology', 'science_fiction_books_icon.svg', '2023-04-21 11:30:00', '2023-04-21 11:30:00', NULL),
(22, 5, 'Self-Help Books', 'Books focused on personal development and motivation', 'self_help_books_icon.svg', '2023-04-22 03:10:00', '2023-04-22 03:10:00', NULL),
(23, 6, 'Action Figures', 'Collectible figures depicting characters', 'action_figures_icon.svg', '2023-04-23 02:30:00', '2023-04-23 02:30:00', NULL),
(24, 6, 'Educational Toys', 'Toys designed for learning and development', 'educational_toys_icon.svg', '2023-04-24 08:45:00', '2023-04-24 08:45:00', NULL),
(25, 6, 'Board Games', 'Games played on a flat surface with pieces', 'board_games_icon.svg', '2023-04-25 05:00:00', '2023-04-25 05:00:00', NULL),
(26, 6, 'Plush Toys', 'Soft stuffed animals and characters', 'plush_toys_icon.svg', '2023-04-26 11:30:00', '2023-04-26 11:30:00', NULL),
(27, 7, 'Living Room', 'Furniture for the main gathering space', 'living_room_furniture_icon.svg', '2023-04-27 02:30:00', '2023-04-27 02:30:00', NULL),
(28, 7, 'Bedroom', 'Furniture for the bedroom space', 'bedroom_furniture_icon.svg', '2023-04-28 08:45:00', '2023-04-28 08:45:00', NULL),
(29, 7, 'Dining Room', 'Furniture for the dining area', 'dining_room_furniture_icon.svg', '2023-04-29 05:00:00', '2023-04-29 05:00:00', NULL),
(30, 7, 'Office', 'Furniture for workspace and offices', 'office_furniture_icon.svg', '2023-04-30 11:30:00', '2023-04-30 11:30:00', NULL),
(31, 7, 'Outdoor', 'Furniture designed for outdoor use', 'outdoor_furniture_icon.svg', '2023-05-01 03:10:00', '2023-05-01 03:10:00', NULL),
(32, 7, 'Bathtub', 'Furniture designed for children\'s rooms', 'kids_furniture_icon.svg', '2023-05-02 07:00:00', '2023-05-02 07:00:00', NULL),
(33, 8, 'Bicycles', 'Human-powered two-wheeled vehicles', 'bicycles_icon.svg', '2023-05-03 02:30:00', '2023-05-03 02:30:00', NULL),
(34, 8, 'Motorcycles', 'Motor-powered two-wheeled vehicles', 'motorcycles_icon.svg', '2023-05-04 08:45:00', '2023-05-04 08:45:00', NULL),
(35, 8, 'Electric Bicycles', 'Bicycles with electric motor assistance', 'electric_bicycles_icon.svg', '2023-05-05 05:00:00', '2023-05-05 05:00:00', NULL),
(36, 8, 'Electric Scooters', 'Motor-powered scooters with electric propulsion', 'electric_scooters_icon.svg', '2023-05-06 11:30:00', '2023-05-06 11:30:00', NULL),
(37, 8, 'Kids Bikes', 'Bicycles designed for children', 'kids_bikes_icon.svg', '2023-05-07 03:10:00', '2023-05-07 03:10:00', NULL),
(38, 9, 'Necklaces', 'Ornamental chains worn around the neck', 'necklaces_icon.svg', '2023-05-08 02:30:00', '2023-05-08 02:30:00', NULL),
(39, 9, 'Earrings', 'Ornamental pieces worn on the ear', 'earrings_icon.svg', '2023-05-09 08:45:00', '2023-05-09 08:45:00', NULL),
(40, 9, 'Bracelets', 'Ornamental bands worn around the wrist', 'bracelets_icon.svg', '2023-05-10 05:00:00', '2023-05-10 05:00:00', NULL),
(41, 9, 'Rings', 'Circular bands worn on the finger', 'rings_icon.svg', '2023-05-11 11:30:00', '2023-05-11 11:30:00', NULL),
(42, 9, 'Brooches', 'Decorative jewelry fastened to clothing', 'brooches_icon.svg', '2023-05-12 03:10:00', '2023-05-12 03:10:00', NULL),
(43, 10, 'Kitchenware', 'Utensils and tools for use in the kitchen', 'kitchenware_icon.svg', '2023-05-14 02:30:00', '2023-05-14 02:30:00', NULL),
(44, 10, 'Home Decor', 'Items used to make a home more attractive', 'home_decor_icon.svg', '2023-05-15 08:45:00', '2023-05-15 08:45:00', NULL),
(45, 10, 'Bedding', 'Coverings for a bed, such as sheets and blankets', 'bedding_icon.svg', '2023-05-16 05:00:00', '2023-05-16 05:00:00', NULL),
(46, 10, 'Cleaning Supplies', 'Tools and materials used to clean and maintain a space', 'cleaning_supplies_icon.svg', '2023-05-17 11:30:00', '2023-05-17 11:30:00', NULL);

-- --------------------------------------------------------

--
-- Cấu trúc bảng cho bảng `product_color`
--

CREATE TABLE `product_color` (
  `color_id` bigint(20) UNSIGNED NOT NULL,
  `color_name` varchar(20) DEFAULT NULL,
  `product_id` bigint(20) UNSIGNED NOT NULL
) ENGINE=InnoDB DEFAULT CHARSET=utf8mb4 COLLATE=utf8mb4_unicode_ci;

--
-- Đang đổ dữ liệu cho bảng `product_color`
--

INSERT INTO `product_color` (`color_id`, `color_name`, `product_id`) VALUES
(35, 'Red', 1),
(36, 'Blue', 1),
(37, 'Green', 1),
(38, 'Black', 2),
(39, 'White', 2),
(40, 'Gray', 2),
(41, 'Silver', 2),
(42, 'Yellow', 3),
(43, 'Orange', 3),
(44, 'Brown', 3),
(45, 'Purple', 4),
(46, 'Pink', 4),
(47, 'Gold', 4),
(48, 'Cyan', 5),
(49, 'Magenta', 5),
(50, 'Lime', 5),
(51, 'Indigo', 6),
(52, 'Turquoise', 6),
(53, 'Violet', 6),
(54, 'Maroon', 7),
(55, 'Teal', 7),
(56, 'Olive', 7),
(57, 'Navy', 8),
(58, 'Beige', 8),
(59, 'Salmon', 8),
(60, 'Sky Blue', 9),
(61, 'Mustard', 9),
(62, 'Charcoal', 9),
(63, 'Tan', 10),
(64, 'Slate', 10),
(65, 'Peach', 10);

-- --------------------------------------------------------

--
-- Cấu trúc bảng cho bảng `product_image`
--

CREATE TABLE `product_image` (
  `image_id` bigint(20) UNSIGNED NOT NULL,
  `product_id` bigint(20) UNSIGNED NOT NULL,
  `image_url` varchar(50) DEFAULT NULL
) ENGINE=InnoDB DEFAULT CHARSET=utf8mb4 COLLATE=utf8mb4_unicode_ci;

--
-- Đang đổ dữ liệu cho bảng `product_image`
--

INSERT INTO `product_image` (`image_id`, `product_id`, `image_url`) VALUES
(1, 406, 'pexels-ilya-shakir-2440471.jpg'),
(2, 406, 'pexels-pixabay-462235.jpg'),
(3, 407, 'pexels-mark-1080696.jpg'),
(4, 407, 'pexels-dominika-roseclay-1139784.jpg'),
(5, 408, 'pexels-element-digital-1125136.jpg'),
(6, 408, 'pexels-pixabay-534172.jpg'),
(7, 409, 'pexels-alex-qian-2343469.jpg'),
(8, 409, 'pexels-alex-qian-2343468.jpg'),
(9, 410, 'pexels-ksenia-chernaya-3965509.jpg'),
(10, 410, 'pexels-christa-grover-2121121.jpg'),
(11, 411, 'pexels-medhat-ayad-447592.jpg'),
(12, 411, 'pexels-dominika-roseclay-1139785.jpg'),
(13, 412, 'pexels-pixabay-271800.jpg'),
(14, 412, 'pexels-kevin-menajang-920025.jpg'),
(15, 413, 'pexels-mitchell-henderson-2098913.jpg'),
(16, 413, 'pexels-vincent-rivaud-2227832.jpg'),
(17, 414, 'pexels-jean-van-der-meulen-1454805.jpg'),
(18, 414, 'pexels-charlotte-may-5825586.jpg'),
(19, 415, 'pexels-charlotte-may-5825585.jpg'),
(20, 415, 'pexels-element-digital-1125135.jpg'),
(21, 421, 'Bedroom1.jpg\r\n'),
(22, 421, 'Bedroom1.1.jpg'),
(23, 422, 'Bedroom2.jpg'),
(24, 422, 'Bedroom2.1.jpg'),
(25, 423, 'Bedroom3.jpg'),
(26, 423, 'Bedroom3.1.jpg'),
(27, 424, 'Bedroom4.jpg'),
(28, 424, 'Bedroom4.1.jpg'),
(29, 425, 'Bedroom5.jpg'),
(30, 425, 'Bedroom5.1.jpg'),
(31, 426, 'Bedroom6.jpg'),
(32, 426, 'Bedroom6.1.jpg'),
(33, 427, 'Bedroom7.jpg'),
(34, 427, 'Bedroom7.1.jpg'),
(35, 428, 'Bedroom8.jpg'),
(36, 428, 'Bedroom8.1.jpg'),
(37, 429, 'Bedroom9.jpg'),
(38, 429, 'Bedroom9.1.jpg'),
(39, 429, 'Bedroom10.jpg'),
(40, 429, 'Bedroom10.1.jpg'),
(41, 430, 'Bedroom11.jpg'),
(42, 430, 'Bedroom11.1.jpg'),
(43, 1, 'iphone-15-pro-blue-2.jpg'),
(44, 1, 'iphone-15-pro-titan-tu-nhien-2.jpg'),
(45, 2, 'vivo-v29e-den-glr-5.jpg'),
(46, 2, 'vivo-v29e-den-glr-10.jpg'),
(47, 3, 'pexels-atahan-demir-12563780.jpg'),
(48, 3, 'pexels-umang-patel-16079514.jpg'),
(49, 4, 'pexels-zana-latif-15493878.jpg'),
(50, 4, 'sama-hosseini-4JVANJbXVYU-unsplash.jpg'),
(51, 5, 'sama-hosseini-hLPVT6Ll6W4-unsplash.jpg'),
(52, 5, 'fabian-albert-xaKEDwvfuGI-unsplash.jpg'),
(53, 6, 'padraig-treanor-7TfBWaIXNxA-unsplash.jpg'),
(54, 6, 'xingye-jiang-aGZYFSKv8cI-unsplash.jpg'),
(55, 7, 'shiwa-id-278FBsU-9II-unsplash.jpg'),
(56, 7, 'shiwa-id-F_cfF1uX7qY-unsplash.jpg'),
(57, 8, 'shiwa-id-Uae7ouMw91A-unsplash.jpg'),
(58, 8, 'goutham-binuraj-wUx6Cl6lTzQ-unsplash.jpg'),
(59, 9, 'zana-latif-8NSCH6USXTY-unsplash.jpg'),
(60, 9, 'zhang_d-OjvENYrqJAU-unsplash.jpg'),
(61, 10, 'zana-latif-3g5Qv-0Hyko-unsplash.jpg'),
(62, 10, 'zana-latif-wSQlD6Ii7WY-unsplash.jpg'),
(86, 1, '1709112748_0.png');

-- --------------------------------------------------------

--
-- Cấu trúc bảng cho bảng `product_review`
--

CREATE TABLE `product_review` (
  `product_review_id` bigint(20) UNSIGNED NOT NULL,
  `user_id` bigint(20) UNSIGNED NOT NULL,
  `product_id` bigint(20) UNSIGNED NOT NULL,
  `rating` int(11) DEFAULT NULL,
  `comment` varchar(150) DEFAULT NULL,
  `created_at` timestamp NULL DEFAULT NULL,
  `updated_at` timestamp NULL DEFAULT NULL
) ENGINE=InnoDB DEFAULT CHARSET=utf8mb4 COLLATE=utf8mb4_unicode_ci;

--
-- Đang đổ dữ liệu cho bảng `product_review`
--

INSERT INTO `product_review` (`product_review_id`, `user_id`, `product_id`, `rating`, `comment`, `created_at`, `updated_at`) VALUES
(183, 1, 1, 5, 'Great product!', '2024-01-18 05:10:00', '2024-01-18 05:10:00'),
(184, 2, 1, 4, 'Good quality but could be better.', '2024-01-18 05:15:00', '2024-01-18 05:15:00'),
(185, 3, 1, 3, 'Average product, needs improvement.', '2024-01-18 05:20:00', '2024-01-18 05:20:00'),
(186, 4, 2, 4, 'Satisfactory purchase.', '2024-01-18 05:25:00', '2024-01-18 05:25:00'),
(187, 5, 2, 3, 'Not bad, but could have been better.', '2024-01-18 05:30:00', '2024-01-18 05:30:00'),
(188, 6, 2, 5, 'Excellent quality!', '2024-01-18 05:35:00', '2024-01-18 05:35:00'),
(189, 7, 3, 2, 'Not satisfied with the purchase.', '2024-01-18 05:40:00', '2024-01-18 05:40:00'),
(190, 8, 3, 4, 'Decent product, good value for money.', '2024-01-18 05:45:00', '2024-01-18 05:45:00'),
(191, 9, 3, 3, 'Average quality.', '2024-01-18 05:50:00', '2024-01-18 05:50:00'),
(192, 7, 4, 5, 'Impressive product, exceeded expectations.', '2024-01-18 05:55:00', '2024-01-18 05:55:00'),
(193, 8, 4, 4, 'Very good quality.', '2024-01-18 06:00:00', '2024-01-18 06:00:00'),
(194, 9, 4, 2, 'Disappointed with the purchase.', '2024-01-18 06:05:00', '2024-01-18 06:05:00'),
(195, 1, 5, 3, 'Could be better.', '2024-01-18 06:10:00', '2024-01-18 06:10:00'),
(196, 2, 5, 5, 'Amazing product!', '2024-01-18 06:15:00', '2024-01-18 06:15:00'),
(197, 3, 5, 4, 'Good purchase overall.', '2024-01-18 06:20:00', '2024-01-18 06:20:00'),
(198, 4, 6, 2, 'Not recommended.', '2024-01-18 06:25:00', '2024-01-18 06:25:00'),
(199, 6, 6, 3, 'Average quality, not worth the price.', '2024-01-18 06:30:00', '2024-01-18 06:30:00'),
(200, 5, 6, 4, 'Satisfied with the purchase.', '2024-01-18 06:35:00', '2024-01-18 06:35:00'),
(201, 1, 7, 5, 'Highly recommended!', '2024-01-18 06:40:00', '2024-01-18 06:40:00'),
(202, 2, 7, 3, 'Decent product.', '2024-01-18 06:45:00', '2024-01-18 06:45:00'),
(203, 3, 7, 2, 'Not satisfied.', '2024-01-18 06:50:00', '2024-01-18 06:50:00'),
(204, 4, 8, 4, 'Good value for money.', '2024-01-18 06:55:00', '2024-01-18 06:55:00'),
(205, 5, 8, 5, 'Excellent product, worth the price.', '2024-01-18 07:00:00', '2024-01-18 07:00:00'),
(206, 6, 8, 3, 'Average purchase.', '2024-01-18 07:05:00', '2024-01-18 07:05:00'),
(207, 7, 9, 2, 'Not impressed.', '2024-01-18 07:10:00', '2024-01-18 07:10:00'),
(208, 8, 9, 4, 'Good quality, but delivery was slow.', '2024-01-18 07:15:00', '2024-01-18 07:15:00'),
(209, 9, 9, 5, 'Highly satisfied with the purchase!', '2024-01-18 07:20:00', '2024-01-18 07:20:00'),
(210, 10, 10, 3, 'Average product.', '2024-01-18 07:25:00', '2024-01-18 07:25:00'),
(211, 10, 10, 5, 'Fantastic purchase!', '2024-01-18 07:30:00', '2024-01-18 07:30:00'),
(212, 10, 10, 4, 'Good quality and value for money.', '2024-01-18 07:35:00', '2024-01-18 07:35:00');

-- --------------------------------------------------------

--
-- Cấu trúc bảng cho bảng `product_size`
--

CREATE TABLE `product_size` (
  `size_id` bigint(20) UNSIGNED NOT NULL,
  `size_name` varchar(20) DEFAULT NULL,
  `product_id` bigint(20) UNSIGNED NOT NULL
) ENGINE=InnoDB DEFAULT CHARSET=utf8mb4 COLLATE=utf8mb4_unicode_ci;

--
-- Đang đổ dữ liệu cho bảng `product_size`
--

INSERT INTO `product_size` (`size_id`, `size_name`, `product_id`) VALUES
(39, 'Small', 1),
(40, 'Medium', 1),
(41, 'Large', 1),
(42, 'XS', 2),
(43, 'S', 2),
(44, 'M', 2),
(45, 'L', 2),
(46, 'Size 5', 3),
(47, 'Size 6', 3),
(48, 'Size 7', 3),
(49, '30W/32L', 4),
(50, '32W/34L', 4),
(51, '34W/36L', 4),
(52, 'US 7', 5),
(53, 'US 8', 5),
(54, 'US 9', 5),
(55, 'UK 10', 6),
(56, 'UK 11', 6),
(57, 'UK 12', 6),
(58, 'EUR 38', 7),
(59, 'EUR 39', 7),
(60, 'EUR 40', 7),
(61, 'One Size', 8),
(62, 'Plus Size', 8),
(63, 'Petite', 8),
(64, 'L/XL', 9),
(65, '2XL', 9),
(66, '3XL', 9),
(67, 'Size 20', 10),
(68, 'Size 22', 10),
(69, 'Size 24', 10);

-- --------------------------------------------------------

--
-- Cấu trúc bảng cho bảng `provinces`
--

CREATE TABLE `provinces` (
  `province_id` bigint(20) UNSIGNED NOT NULL,
  `province_name` varchar(70) DEFAULT NULL
) ENGINE=InnoDB DEFAULT CHARSET=utf8mb4 COLLATE=utf8mb4_general_ci;

--
-- Đang đổ dữ liệu cho bảng `provinces`
--

INSERT INTO `provinces` (`province_id`, `province_name`) VALUES
(1, 'Thành phố Hồ Chí Minh'),
(2, 'Hà Nội'),
(3, 'Hải Phòng'),
(4, 'Đà Nẵng'),
(5, 'Cần Thơ'),
(6, 'An Giang'),
(7, 'Bà Rịa - Vũng Tàu'),
(8, 'Bắc Giang'),
(9, 'Bắc Kạn'),
(10, 'Bạc Liêu'),
(11, 'Bắc Ninh'),
(12, 'Bến Tre'),
(13, 'Bình Định'),
(14, 'Bình Dương'),
(15, 'Bình Phước'),
(16, 'Bình Thuận'),
(17, 'Cà Mau'),
(18, 'Cao Bằng'),
(19, 'Đắk Lắk'),
(20, 'Đắk Nông'),
(21, 'Điện Biên'),
(22, 'Đồng Nai'),
(23, 'Đồng Tháp'),
(24, 'Gia Lai'),
(25, 'Hà Giang'),
(26, 'Hà Nam'),
(27, 'Hà Tĩnh'),
(28, 'Hải Dương'),
(29, 'Hậu Giang'),
(30, 'Hòa Bình');

-- --------------------------------------------------------

--
-- Cấu trúc bảng cho bảng `search_history`
--

CREATE TABLE `search_history` (
  `search_history_id` bigint(20) UNSIGNED NOT NULL,
  `user_id` bigint(20) UNSIGNED NOT NULL,
  `keyword` varchar(200) DEFAULT NULL,
  `created_at` timestamp NULL DEFAULT NULL,
  `updated_at` timestamp NULL DEFAULT NULL
) ENGINE=InnoDB DEFAULT CHARSET=utf8mb4 COLLATE=utf8mb4_general_ci;

--
-- Đang đổ dữ liệu cho bảng `search_history`
--

INSERT INTO `search_history` (`search_history_id`, `user_id`, `keyword`, `created_at`, `updated_at`) VALUES
(2, 2, 'Tablet', '2022-01-01 22:30:00', NULL),
(3, 3, 'SIM', '2022-01-02 23:00:00', NULL),
(4, 4, 'Smart', '2022-01-04 00:00:00', NULL),
(5, 5, 'Headphone', '2022-01-05 01:30:00', NULL),
(6, 6, 'Desktop', '2022-01-06 02:45:00', NULL),
(7, 7, 'Laptops', '2022-01-07 03:15:00', NULL),
(8, 8, 'Printer', '2022-01-08 04:20:00', NULL),
(11, 3, 'Power', '2024-01-12 17:12:30', NULL),
(12, 3, 'Game', '2024-01-13 16:01:14', NULL),
(21, 3, 'table', '2024-01-29 06:24:52', '2024-01-29 06:24:52'),
(22, 1, 'table', '2024-01-30 09:51:05', '2024-01-30 09:51:05'),
(23, 1, 'd', '2024-01-29 07:35:39', '2024-01-29 07:35:39'),
(24, 1, 'he', '2024-01-29 07:55:52', '2024-01-29 07:55:52'),
(25, 1, 's', '2024-01-29 08:02:26', '2024-01-29 08:02:26'),
(26, 1, 'w', '2024-01-30 02:04:29', '2024-01-30 02:04:29'),
(27, 1, 'tab', '2024-01-30 09:48:44', '2024-01-30 09:48:44'),
(28, 1, 'sma', '2024-01-30 03:34:48', '2024-01-30 03:34:48'),
(29, 1, NULL, '2024-01-30 03:46:05', '2024-01-30 03:46:05'),
(30, 50, 'table', '2024-02-18 20:14:15', '2024-02-18 20:14:15'),
(31, 50, 'd', '2024-01-30 07:57:40', '2024-01-30 07:57:40'),
(32, 50, 'smart', '2024-02-24 06:26:11', '2024-02-24 06:26:11'),
(36, 50, 'a', '2024-01-30 11:22:30', '2024-01-30 11:22:30'),
(37, 50, 's', '2024-01-30 07:09:55', '2024-01-30 07:09:55'),
(38, 50, 'tab', '2024-01-30 07:57:01', '2024-01-30 07:57:01'),
(39, 50, 'y', '2024-01-30 09:14:47', '2024-01-30 09:14:47'),
(40, 50, 'room', '2024-02-02 05:17:03', '2024-02-02 05:17:03'),
(41, 50, 'r', '2024-01-30 09:30:39', '2024-01-30 09:30:39'),
(42, 1, 'r', '2024-01-30 09:52:38', '2024-01-30 09:52:38'),
(43, 1, 'l', '2024-01-30 09:52:46', '2024-01-30 09:52:46'),
(44, 1, 'room', '2024-01-30 10:02:02', '2024-01-30 10:02:02'),
(45, 50, 'sm', '2024-03-27 01:15:45', '2024-03-27 01:15:45'),
(46, 50, 'toy', '2024-02-18 19:47:08', '2024-02-18 19:47:08'),
(47, 50, 'lap', '2024-02-18 19:49:58', '2024-02-18 19:49:58'),
(48, 50, 'sma', '2024-03-27 01:34:40', '2024-03-27 01:34:40'),
(49, 50, 'bedroom', '2024-03-27 01:24:08', '2024-03-27 01:24:08'),
(50, 50, 'lloo', '2024-03-27 01:35:26', '2024-03-27 01:35:26');

-- --------------------------------------------------------

--
-- Cấu trúc bảng cho bảng `shipping_method`
--

CREATE TABLE `shipping_method` (
  `shipping_method_id` bigint(20) UNSIGNED NOT NULL,
  `shipping_method_name` varchar(20) DEFAULT NULL,
  `shipping_method_price` decimal(11,2) DEFAULT NULL
) ENGINE=InnoDB DEFAULT CHARSET=utf8mb4 COLLATE=utf8mb4_unicode_ci;

--
-- Đang đổ dữ liệu cho bảng `shipping_method`
--

INSERT INTO `shipping_method` (`shipping_method_id`, `shipping_method_name`, `shipping_method_price`) VALUES
(1, 'Standard', 5.00),
(2, 'Express', 10.00),
(3, 'Fast', 14.00);

-- --------------------------------------------------------

--
-- Cấu trúc bảng cho bảng `shopping_cart`
--

CREATE TABLE `shopping_cart` (
  `shopping_cart_id` bigint(20) UNSIGNED NOT NULL,
  `user_id` bigint(20) UNSIGNED NOT NULL,
  `product_id` bigint(20) UNSIGNED NOT NULL,
  `quantity` int(11) DEFAULT NULL,
  `color` varchar(50) DEFAULT '',
  `size` varchar(50) DEFAULT '',
  `img` varchar(50) DEFAULT '',
  `created_at` timestamp NULL DEFAULT NULL,
  `updated_at` timestamp NULL DEFAULT NULL
) ENGINE=InnoDB DEFAULT CHARSET=utf8mb4 COLLATE=utf8mb4_unicode_ci;

-- --------------------------------------------------------

--
-- Cấu trúc bảng cho bảng `transaction`
--

CREATE TABLE `transaction` (
  `transaction_id` bigint(20) UNSIGNED NOT NULL,
  `buyer_id` bigint(20) UNSIGNED NOT NULL,
  `seller_id` bigint(20) UNSIGNED NOT NULL,
  `order_id` bigint(20) UNSIGNED NOT NULL,
  `payment_id` bigint(20) UNSIGNED NOT NULL,
  `total_amount` decimal(11,2) DEFAULT NULL,
  `created_at` timestamp NULL DEFAULT NULL,
  `updated_at` timestamp NULL DEFAULT NULL
) ENGINE=InnoDB DEFAULT CHARSET=utf8mb4 COLLATE=utf8mb4_unicode_ci;

--
-- Đang đổ dữ liệu cho bảng `transaction`
--

INSERT INTO `transaction` (`transaction_id`, `buyer_id`, `seller_id`, `order_id`, `payment_id`, `total_amount`, `created_at`, `updated_at`) VALUES
(1, 70, 70, 88, 2, 2424.00, '2024-03-27 13:50:44', '2024-03-27 13:50:45'),
(4, 72, 61, 90, 2, 1318.28, '2024-03-26 23:51:28', '2024-03-26 23:51:28'),
(5, 73, 61, 91, 2, 5258.12, '2024-03-26 23:53:09', '2024-03-26 23:53:09'),
(6, 71, 61, 92, 2, 3949.84, '2024-03-28 08:28:08', '2024-03-28 08:28:08');

-- --------------------------------------------------------

--
-- Cấu trúc bảng cho bảng `users`
--

CREATE TABLE `users` (
  `user_id` bigint(20) UNSIGNED NOT NULL,
  `type_account_id` bigint(20) UNSIGNED NOT NULL,
  `username` varchar(50) DEFAULT NULL,
  `email` varchar(255) NOT NULL,
  `email_verified_at` timestamp NULL DEFAULT NULL,
  `password` varchar(130) DEFAULT NULL,
  `google_id` varchar(100) DEFAULT NULL,
  `remember_token` varchar(100) DEFAULT NULL,
  `avt_image` varchar(50) DEFAULT NULL,
  `full_name` varchar(50) DEFAULT NULL,
  `shop_name` varchar(50) DEFAULT NULL,
  `shop_username` varchar(50) DEFAULT NULL,
  `shop_avt` varchar(50) DEFAULT NULL,
  `shop_background` varchar(50) DEFAULT NULL,
  `shop_introduce` varchar(200) DEFAULT NULL,
  `telephone` varchar(11) DEFAULT NULL,
  `created_at` timestamp NULL DEFAULT NULL,
  `updated_at` timestamp NULL DEFAULT NULL,
  `deleted_at` timestamp NULL DEFAULT NULL
) ENGINE=InnoDB DEFAULT CHARSET=utf8mb4 COLLATE=utf8mb4_unicode_ci;

--
-- Đang đổ dữ liệu cho bảng `users`
--

INSERT INTO `users` (`user_id`, `type_account_id`, `username`, `email`, `email_verified_at`, `password`, `google_id`, `remember_token`, `avt_image`, `full_name`, `shop_name`, `shop_username`, `shop_avt`, `shop_background`, `shop_introduce`, `telephone`, `created_at`, `updated_at`, `deleted_at`) VALUES
(1, 1, 'user5', 'Duonganhdujf5ddd@gmail.com', NULL, '123', NULL, NULL, NULL, 'Duong Anh Du', 'Shop hoa', 'shophoacothanh', 'shop_avt.jpg', 'shop_background.png', 'Shop giang ho', '0896899384', '2024-01-27 08:45:52', '2024-01-27 08:45:52', NULL),
(2, 1, 'jane_smith', 'jane_smith@gmail.com', '2023-12-29 18:16:41', '$2y$12$CbsAzs.Bg1nAmBNjzfHJQOyhSL42euvVijYe5zQHf2lu1kDWmM3ky', NULL, '', 'shop_avt.jpg', 'Jane', 'Shop hoa', NULL, 'shop_avt.jpg', 'shop_background.png', NULL, '9876543210', '2023-12-30 01:16:41', '2023-12-30 01:16:41', NULL),
(3, 2, 'aaa', 'aaa@gmail.com', '2023-12-29 18:16:41', '$2y$12$Y/P.X3CsVkRpKZjhY3KWdOk4iX.gxlmvN7rFhe5ADqAVzY2nm1dg6', NULL, '', 'shop_avt.jpg', 'a', 'Shop hoa', NULL, 'shop_avt.jpg', 'shop_background.png', NULL, '9876543210', '2023-12-30 01:16:42', '2023-12-30 01:16:42', NULL),
(4, 2, 'www', 'www@gmail.com', '2023-12-29 18:16:42', '$2y$12$JJVowkPYq9PSj7yXg/B1I.L9osX6Qmes/sWtFggcc7RjS/6yUEX2y', NULL, '', 'shop_avt.jpg', 'w', 'Shop hoa', NULL, 'shop_avt.jpg', 'shop_background.png', NULL, '9876543210', '2023-12-30 01:16:42', '2023-12-30 01:16:42', NULL),
(5, 2, 'qqq', 'qqq@gmail.com', '2023-12-29 18:16:42', '$2y$12$g26s1FEvVcP119wGjQGsU.4QpPDzIrjzwnSgApMf6BsMCzkMuNwnm', NULL, '', 'shop_avt.jpg', 'q', 'Shop hoa', NULL, 'shop_avt.jpg', 'shop_background.png', NULL, '9876543210', '2023-12-30 01:16:42', '2023-12-30 01:16:42', NULL),
(6, 3, 'ttt', 'ttt@gmail.com', '2023-12-29 18:16:42', '$2y$12$Td4ViI6/XhyOqaKd4RzpG.hjbELXekDq07AJvseBdq1ABgiGdHdAC', NULL, '', 'shop_avt.jpg', 't', 'Shop hoa', NULL, 'shop_avt.jpg', 'shop_background.png', NULL, '9876543210', '2023-12-30 01:16:42', '2023-12-30 01:16:42', NULL),
(7, 3, 'rrrr', 'rrr@gmail.com', '2023-12-29 18:16:42', '$2y$12$AUMqyNTJpyz8cLPJAoajaeiKBOvK13Sq/L5K9rfnwpaJS.wUNpYhi', NULL, '', 'shop_avt.jpg', 'r', 'Shop hoa', NULL, 'shop_avt.jpg', 'shop_background.png', NULL, '9876543210', '2023-12-30 01:16:43', '2023-12-30 01:16:43', NULL),
(8, 3, 'ggg', 'ggg@gmail.com', '2023-12-29 18:16:43', '$2y$12$R.yedOv18GnuY3zcws8E7uSHWzycHjcjeJEqHV0wBAnvsgoS6UGPS', NULL, '', 'shop_avt.jpg', 'ggg', 'Shop hoa', NULL, 'shop_avt.jpg', 'shop_background.png', NULL, '9876543210', '2023-12-30 01:16:43', '2023-12-30 01:16:43', NULL),
(9, 2, NULL, 'sqsQS@gmail.com', NULL, NULL, NULL, NULL, 'shop_avt.jpg', NULL, 'Shop hoa', NULL, 'shop_avt.jpg', 'shop_background.png', NULL, NULL, NULL, NULL, NULL),
(10, 2, NULL, 'adwda@gmail.com', NULL, NULL, NULL, NULL, 'shop_avt.jpg', NULL, 'Shop hoa', NULL, 'shop_avt.jpg', 'shop_background.png', NULL, NULL, NULL, NULL, NULL),
(50, 3, 'vandubui8', '21212@gmail.com', NULL, '$2y$12$1mJ6B8H0.3pyjkDa2zYwDOYA0tO2B4FxSod0dpqb7WzxTWDfquaCm', NULL, NULL, 'shop_avt.jpg', 'assdasd', 'Shop hoa', NULL, 'shop_avt.jpg', 'shop_background.png', NULL, '09090909090', '2024-01-30 00:01:10', '2024-01-30 00:01:10', NULL),
(61, 2, NULL, '12121212@gmail.com', NULL, '$2y$12$o6N/2YhCFV1J2kJ.HR0DKeUdhsLo/2Y6JzAuV2RExN4C1H9WfvTeq', NULL, NULL, 'shop_avt.jpg', 'Duong anh du', 'Shop hoa', 'Wydanhdu', 'shop_avt.jpg', 'shop_background.png', NULL, '91399008901', '2024-02-19 08:38:40', '2024-02-19 08:38:40', NULL),
(62, 2, NULL, 'agshdgsd@gmail.com', NULL, '$2y$12$a.WCNa9SeGA84Wnd3JYskusun.teHyuGHYHMeiBUfbYaQnZJtisHu', NULL, NULL, 'shop_avt.jpg', 'hahxksdvkasgk', 'Shop hoa', 'buiduahsvd', 'shop_avt.jpg', 'shop_background.png', NULL, '7316728316', '2024-02-19 21:31:38', '2024-02-19 21:31:38', NULL),
(63, 1, 'Anagdluiah', '101010@gmail.com', NULL, '$2y$12$.mNm7cQ7z6F1aWJXlySTsOjuxtvR0o1HrjgzM7h0WyNEiSb6GD3lC', NULL, NULL, 'shop_avt.jpg', 'Duong anh du', NULL, NULL, NULL, NULL, NULL, '781371367', '2024-02-26 07:47:17', '2024-02-26 07:47:17', NULL),
(70, 3, NULL, 'duonganhdu12c9@gmail.com', NULL, NULL, '104519860856004629619', NULL, NULL, 'Văn Dự Bùi', NULL, NULL, NULL, NULL, NULL, NULL, '2024-03-26 08:00:55', '2024-03-26 08:00:55', NULL),
(71, 3, NULL, 'wydanhdu2002@gmail.com', NULL, NULL, '111979553786612533153', NULL, NULL, 'BUI VAN DU', NULL, NULL, NULL, NULL, NULL, NULL, '2024-03-26 08:05:25', '2024-03-26 08:05:25', NULL),
(72, 3, NULL, 'danhdanhfoodngon@gmail.com', NULL, NULL, '107480665045114022853', NULL, NULL, 'BUI VAN DU', NULL, NULL, NULL, NULL, NULL, NULL, '2024-03-26 08:19:30', '2024-03-26 08:19:30', NULL),
(73, 3, NULL, '2154810104@vaa.edu.vn', NULL, NULL, '100982054481591314867', NULL, NULL, 'DỰ BÙI VĂN', NULL, NULL, NULL, NULL, NULL, NULL, '2024-03-26 23:52:01', '2024-03-26 23:52:01', NULL);

-- --------------------------------------------------------

--
-- Cấu trúc bảng cho bảng `user_address`
--

CREATE TABLE `user_address` (
  `user_address_id` bigint(20) UNSIGNED NOT NULL,
  `user_id` bigint(20) UNSIGNED NOT NULL,
  `number` varchar(50) DEFAULT NULL,
  `street` varchar(50) DEFAULT NULL,
  `commune` varchar(50) DEFAULT NULL,
  `district` varchar(50) DEFAULT NULL,
  `province` varchar(50) DEFAULT NULL,
  `country` varchar(50) DEFAULT NULL,
  `postal_code` varchar(50) DEFAULT NULL,
  `created_at` timestamp NULL DEFAULT NULL,
  `updated_at` timestamp NULL DEFAULT NULL
) ENGINE=InnoDB DEFAULT CHARSET=utf8mb4 COLLATE=utf8mb4_unicode_ci;

--
-- Đang đổ dữ liệu cho bảng `user_address`
--

INSERT INTO `user_address` (`user_address_id`, `user_id`, `number`, `street`, `commune`, `district`, `province`, `country`, `postal_code`, `created_at`, `updated_at`) VALUES
(6, 2, '101', 'Oak Avenue', 'Commune D', 'District 4', 'Province D', 'Country D', '400004', NULL, NULL),
(7, 2, '202', 'Pine Street', 'Commune E', 'District 5', 'Province E', 'Country E', '500005', NULL, NULL),
(8, 2, '303', 'Maple Lane', 'Commune F', 'District 6', 'Province F', 'Country F', '600006', NULL, NULL),
(9, 2, '404', 'Cedar Road', 'Commune G', 'District 7', 'Province G', 'Country G', '700007', NULL, NULL),
(10, 3, 'A1', 'Sunset Boulevard', 'Commune H', 'District 8', 'Province H', 'Country H', '800008', NULL, NULL),
(11, 3, 'B2', 'Sunrise Street', 'Commune I', 'District 9', 'Province I', 'Country I', '900009', NULL, NULL),
(12, 3, 'C3', 'Moonlight Avenue', 'Commune J', 'District 10', 'Province J', 'Country J', '100000', NULL, NULL),
(13, 4, 'X1', 'Mountain View', 'Commune K', 'District 11', 'Province K', 'Country K', '110001', NULL, NULL),
(14, 4, 'Y2', 'Valley Road', 'Commune L', 'District 12', 'Province L', 'Country L', '120002', NULL, NULL),
(15, 4, 'Z3', 'River Street', 'Commune M', 'District 13', 'Province M', 'Country M', '130003', NULL, NULL),
(16, 5, 'First Lane', 'Lakeview Road', 'Commune N', 'District 14', 'Province N', 'Country N', '140004', NULL, NULL),
(17, 5, 'Second Lane', 'Green Avenue', 'Commune O', 'District 15', 'Province O', 'Country O', '150005', NULL, NULL),
(18, 5, 'Third Lane', 'Blue Street', 'Commune P', 'District 16', 'Province P', 'Country P', '160006', NULL, NULL),
(19, 6, 'Alpha Street', 'Beta Avenue', 'Commune Q', 'District 17', 'Province Q', 'Country Q', '170007', NULL, NULL),
(20, 6, 'Gamma Road', 'Delta Lane', 'Commune R', 'District 18', 'Province R', 'Country R', '180008', NULL, NULL),
(21, 6, 'Epsilon Drive', 'Zeta Street', 'Commune S', 'District 19', 'Province S', 'Country S', '190009', NULL, NULL),
(22, 7, 'Omega Avenue', 'Sigma Street', 'Commune T', 'District 20', 'Province T', 'Country T', '200000', NULL, NULL),
(23, 7, 'Lambda Lane', 'Psi Road', 'Commune U', 'District 21', 'Province U', 'Country U', '210001', NULL, NULL),
(24, 7, 'Chi Street', 'Phi Lane', 'Commune V', 'District 22', 'Province V', 'Country V', '220002', NULL, NULL),
(25, 8, 'Upsilon Drive', 'Tau Lane', 'Commune W', 'District 23', 'Province W', 'Country W', '230003', NULL, NULL),
(26, 8, 'Pi Avenue', 'Rho Street', 'Commune X', 'District 24', 'Province X', 'Country X', '240004', NULL, NULL),
(27, 8, 'Delta Road', 'Epsilon Lane', 'Commune Y', 'District 25', 'Province Y', 'Country Y', '250005', NULL, NULL),
(28, 9, 'Sapphire Street', 'Ruby Road', 'Commune Z', 'District 26', 'Province Z', 'Country Z', '260006', NULL, NULL),
(29, 9, 'Emerald Lane', 'Topaz Avenue', 'Commune AA', 'District 27', 'Province AA', 'Country AA', '270007', NULL, NULL),
(30, 50, 'Amethyst Drive', 'Pearl Street', 'Commune AB', 'District 28', 'Province AB', 'Country AB', '280008', NULL, NULL);

-- --------------------------------------------------------

--
-- Cấu trúc bảng cho bảng `user_payment`
--

CREATE TABLE `user_payment` (
  `payment_id` bigint(20) UNSIGNED NOT NULL,
  `user_id` bigint(20) UNSIGNED NOT NULL,
  `payment_type_id` bigint(20) UNSIGNED NOT NULL,
  `card_name_hash` varchar(130) DEFAULT NULL,
  `card_number_hash` varchar(130) DEFAULT NULL,
  `expiration_date` date DEFAULT NULL,
  `cvv` varchar(130) DEFAULT NULL,
  `paypal_email` varchar(100) DEFAULT NULL,
  `created_at` timestamp NULL DEFAULT NULL,
  `updated_at` timestamp NULL DEFAULT NULL
) ENGINE=InnoDB DEFAULT CHARSET=utf8mb4 COLLATE=utf8mb4_unicode_ci;

-- --------------------------------------------------------

--
-- Cấu trúc bảng cho bảng `wards`
--

CREATE TABLE `wards` (
  `wards_id` bigint(20) UNSIGNED NOT NULL,
  `name` varchar(70) DEFAULT NULL,
  `district_id` bigint(20) UNSIGNED NOT NULL
) ENGINE=InnoDB DEFAULT CHARSET=utf8mb4 COLLATE=utf8mb4_general_ci;

--
-- Đang đổ dữ liệu cho bảng `wards`
--

INSERT INTO `wards` (`wards_id`, `name`, `district_id`) VALUES
(1, 'Bến Nghé', 1),
(2, 'Bến Thành', 1),
(3, 'Cầu Kho', 1),
(4, 'Cầu Ông Lãnh', 1),
(5, 'Cô Giang', 1),
(6, 'Đa Kao', 1),
(7, 'Nguyễn Cư Trinh', 1),
(8, 'Nguyễn Thái Bình', 1),
(9, 'Phạm Ngũ Lão', 1),
(10, 'Tân Định', 1),
(11, 'An Phú', 2),
(12, 'Bình An', 2),
(13, 'Bình Khánh', 2),
(14, 'Bình Trưng Đông', 2),
(15, 'Bình Trưng Tây', 2),
(16, 'Cát Lái', 2),
(17, 'Thạnh Mỹ Lợi', 2),
(18, 'Thảo Điền', 2),
(19, 'An Khánh', 2),
(20, 'An Lợi Đông', 2),
(21, 'Bến Thành', 3),
(22, 'Cầu Ông Lãnh', 3),
(23, 'Cô Giang', 3),
(24, 'Đa Kao', 3),
(25, 'Nguyễn Cư Trinh', 3),
(26, 'Nguyễn Thái Bình', 3),
(27, 'Phạm Ngũ Lão', 3),
(28, 'Tân Định', 3),
(29, 'An Lợi Đông', 3),
(30, 'An Khánh', 3),
(31, '1', 4),
(32, '12', 4),
(33, '13', 4),
(34, '14', 4),
(35, '15', 4),
(36, '3', 4),
(37, '4', 4),
(38, '5', 4),
(39, '6', 4),
(40, '8', 4),
(41, '1', 5),
(42, '10', 5),
(43, '11', 5),
(44, '12', 5),
(45, '13', 5),
(46, '14', 5),
(47, '15', 5),
(48, '2', 5),
(49, '3', 5),
(50, '4', 5),
(51, '1', 6),
(52, '10', 6),
(53, '11', 6),
(54, '12', 6),
(55, '13', 6),
(56, '14', 6),
(57, '2', 6),
(58, '3', 6),
(59, '4', 6),
(60, '5', 6),
(61, 'Bình Thuận', 7),
(62, 'Phú Mỹ', 7),
(63, 'Phú Thuận', 7),
(64, 'Tân Hưng', 7),
(65, 'Tân Kiểng', 7),
(66, 'Tân Phong', 7),
(67, 'Tân Phú', 7),
(68, 'Tân Quy', 7),
(69, 'Tân Thuận Đông', 7),
(70, 'Tân Thuận Tây', 7),
(71, '1', 8),
(72, '10', 8),
(73, '11', 8),
(74, '12', 8),
(75, '13', 8),
(76, '14', 8),
(77, '15', 8),
(78, '2', 8),
(79, '3', 8),
(80, '4', 8),
(81, 'Hiệp Phú', 9),
(82, 'Long Bình', 9),
(83, 'Long Phước', 9),
(84, 'Long Thạnh Mỹ', 9),
(85, 'Long Trường', 9),
(86, 'Phú Hữu', 9),
(87, 'Phước Bình', 9),
(88, 'Phước Long A', 9),
(89, 'Phước Long B', 9),
(90, 'Tân Phú', 9),
(91, '1', 10),
(92, '10', 10),
(93, '11', 10),
(94, '12', 10),
(95, '13', 10),
(96, '14', 10),
(97, '15', 10),
(98, '2', 10),
(99, '3', 10),
(100, '4', 10),
(101, '1', 11),
(102, '10', 11),
(103, '11', 11),
(104, '12', 11),
(105, '13', 11),
(106, '14', 11),
(107, '15', 11),
(108, '2', 11),
(109, '3', 11),
(110, '4', 11),
(111, 'An Phú Đông', 12),
(112, 'Đông Hưng Thuận', 12),
(113, 'Hiệp Thành', 12),
(114, 'Tân Chánh Hiệp', 12),
(115, 'Tân Hưng Thuận', 12),
(116, 'Tân Thới Hiệp', 12),
(117, 'Tân Thới Nhất', 12),
(118, 'Thạnh Lộc', 12),
(119, 'Thạnh Xuân', 12),
(120, 'Thái Thịnh', 12),
(121, 'An Lạc', 13),
(122, 'An Lạc A', 13),
(123, 'Bình Hưng Hòa', 13),
(124, 'Bình Hưng Hoà A', 13),
(125, 'Bình Trị Đông', 13),
(126, 'Bình Trị Đông A', 13),
(127, 'Lê Minh Xuân', 13),
(128, 'Tân Tạo', 13),
(129, 'Tân Tạo A', 13),
(130, 'Tân Thạnh', 13),
(131, '1', 14),
(132, '10', 14),
(133, '11', 14),
(134, '12', 14),
(135, '13', 14),
(136, '14', 14),
(137, '15', 14),
(138, '2', 14),
(139, '3', 14),
(140, '4', 14),
(141, '1', 15),
(142, '10', 15),
(143, '11', 15),
(144, '12', 15),
(145, '13', 15),
(146, '14', 15),
(147, '15', 15),
(148, '2', 15),
(149, '3', 15),
(150, '4', 15),
(151, '1', 16),
(152, '10', 16),
(153, '11', 16),
(154, '12', 16),
(155, '13', 16),
(156, '14', 16),
(157, '15', 16),
(158, '2', 16),
(159, '3', 16),
(160, '4', 16),
(161, '1', 17),
(162, '10', 17),
(163, '11', 17),
(164, '12', 17),
(165, '13', 17),
(166, '14', 17),
(167, '15', 17),
(168, '2', 17),
(169, '3', 17),
(170, '4', 17),
(171, 'Hiệp Tân', 18),
(172, 'Hòa Thạnh', 18),
(173, 'Phú Thạnh', 18),
(174, 'Phú Thọ Hoà', 18),
(175, 'Phú Trung', 18),
(176, 'Sơn Kỳ', 18),
(177, 'Tân Qúy', 18),
(178, 'Tân Sơn Nhì', 18),
(179, 'Tân Thành', 18),
(180, 'Tân Thới Hòa', 18),
(181, 'Bình Chiểu', 19),
(182, 'Bình Thọ', 19),
(183, 'Hiệp Bình Chánh', 19),
(184, 'Hiệp Bình Phước', 19),
(185, 'Linh Chiểu', 19),
(186, 'Linh Đông', 19),
(187, 'Linh Tây', 19),
(188, 'Linh Trung', 19),
(189, 'Linh Xuân', 19),
(190, 'Tam Bình', 19),
(191, 'Bà Điểm', 20),
(192, 'Đông Thạnh', 20),
(193, 'Nhị Bình', 20),
(194, 'Tân Hiệp', 20),
(195, 'Tân Thới Nhì', 20),
(196, 'Tân Xuân', 20),
(197, 'Thới Tam Thôn', 20),
(198, 'Trung Chánh', 20),
(199, 'Xuân Thới Đông', 20),
(200, 'Xuân Thới Sơn', 20),
(201, 'An Nhơn Tây', 21),
(202, 'An Phú', 21),
(203, 'Bình Mỹ', 21),
(204, 'Nhuận Đức', 21),
(205, 'Phạm Văn Cội', 21),
(206, 'Phú Hòa Đông', 21),
(207, 'Phú Mỹ Hưng', 21),
(208, 'Phước Hiệp', 21),
(209, 'Tân An Hội', 21),
(210, 'Tân Phú Trung', 21),
(211, 'Hiệp Phước', 22),
(212, 'Long Thới', 22),
(213, 'Nhà Bè', 22),
(214, 'Nhơn Đức', 22),
(215, 'Phú Xuân', 22),
(216, 'Phước Kiển', 22),
(217, 'Phước Lộc', 22),
(218, 'Trung An', 22),
(219, 'Trung Lập Hạ', 22),
(220, 'Trung Lập Thượng', 22),
(221, 'An Thới Đông', 23),
(222, 'Bình Khánh', 23),
(223, 'Cần Giờ', 23),
(224, 'Long Hòa', 23),
(225, 'Lý Nhơn', 23),
(226, 'Tam Thôn Hiệp', 23),
(227, 'Thạnh An', 23),
(228, 'Thạnh An', 23),
(229, 'Thạnh Lộc', 23),
(230, 'Thạnh Mỹ', 23),
(231, 'Cống Vị', 24),
(232, 'Điện Biên', 24),
(233, 'Đội Cấn', 24),
(234, 'Giảng Võ', 24),
(235, 'Kim Mã', 24),
(236, 'Liễu Giai', 24),
(237, 'Ngọc Hà', 24),
(238, 'Ngọc Khánh', 24),
(239, 'Ngọc Thụy', 24),
(240, 'Phúc Xá', 24),
(241, 'Chương Dương', 25),
(242, 'Cửa Đông', 25),
(243, 'Cửa Nam', 25),
(244, 'Đồng Xuân', 25),
(245, 'Hàng Bạc', 25),
(246, 'Hàng Bài', 25),
(247, 'Hàng Bồ', 25),
(248, 'Hàng Buồm', 25),
(249, 'Hàng Đào', 25),
(250, 'Hàng Điếu', 25),
(251, 'Bách Khoa', 26),
(252, 'Bạch Đằng', 26),
(253, 'Bạch Mai', 26),
(254, 'Cầu Dền', 26),
(255, 'Đống Mác', 26),
(256, 'Đồng Nhân', 26),
(257, 'Đồng Tâm', 26),
(258, 'Lê Đại Hành', 26),
(259, 'Minh Khai', 26),
(260, 'Ngô Thì Nhậm', 26),
(261, 'Cát Linh', 27),
(262, 'Hào Nam', 27),
(263, 'Khuất Duy Tiến', 27),
(264, 'Khương Thượng', 27),
(265, 'Khâm Thiên', 27),
(266, 'Láng Hạ', 27),
(267, 'Láng Thượng', 27),
(268, 'Nam Đồng', 27),
(269, 'Ngã Tư Sở', 27),
(270, 'Phương Liên', 27),
(271, 'Bưởi', 28),
(272, 'Nghĩa Đô', 28),
(273, 'Phú Thượng', 28),
(274, 'Quảng An', 28),
(275, 'Thụy Khuê', 28),
(276, 'Tứ Liên', 28),
(277, 'Xuân La', 28),
(278, 'Yên Phụ', 28),
(279, 'Tây Hồ', 28),
(280, 'Văn Quán', 28),
(281, 'Dịch Vọng', 29),
(282, 'Dịch Vọng Hậu', 29),
(283, 'Mai Dịch', 29),
(284, 'Nghĩa Tân', 29),
(285, 'Quan Hoa', 29),
(286, 'Trung Hoà', 29),
(287, 'Yên Hòa', 29),
(288, 'Yên Phụ', 29),
(289, 'Khuất Duy Tiến', 29),
(290, 'Nghĩa Đô', 29),
(291, 'Hạ Đình', 30),
(292, 'Khương Đình', 30),
(293, 'Khương Mai', 30),
(294, 'Khương Trung', 30),
(295, 'Kim Giang', 30),
(296, 'Nhân Chính', 30),
(297, 'Phương Liệt', 30),
(298, 'Thanh Xuân Bắc', 30),
(299, 'Thanh Xuân Nam', 30),
(300, 'Thanh Xuân Trung', 30),
(301, 'Dương Nội', 31),
(302, 'Đại Kim', 31),
(303, 'Định Công', 31),
(304, 'Giáp Bát', 31),
(305, 'Hoàng Liệt', 31),
(306, 'Hoàng Văn Thụ', 31),
(307, 'Lĩnh Nam', 31),
(308, 'Lĩnh Nam', 31),
(309, 'Mai Động', 31),
(310, 'Tân Mai', 31),
(311, 'Bồ Đề', 32),
(312, 'Cự Khối', 32),
(313, 'Đức Giang', 32),
(314, 'Gia Thụy', 32),
(315, 'Giang Biên', 32),
(316, 'Long Biên', 32),
(317, 'Ngọc Lâm', 32),
(318, 'Ngọc Thụy', 32),
(319, 'Phúc Đồng', 32),
(320, 'Sài Đồng', 32),
(321, 'Bắc Sơn', 33),
(322, 'Đông Xuân', 33),
(323, 'Kim Lũ', 33),
(324, 'Minh Phú', 33),
(325, 'Minh Trí', 33),
(326, 'Phù Linh', 33),
(327, 'Phú Cường', 33),
(328, 'Phú Minh', 33),
(329, 'Quang Tiến', 33),
(330, 'Sóc Sơn', 33),
(331, 'Bắc Hồng', 34),
(332, 'Cổ Loa', 34),
(333, 'Đông Anh', 34),
(334, 'Đông Hội', 34),
(335, 'Hải Bối', 34),
(336, 'Kim Chung', 34),
(337, 'Kim Nỗ', 34),
(338, 'Liên Hà', 34),
(339, 'Nam Hồng', 34),
(340, 'Nguyên Khê', 34),
(341, 'Bát Tràng', 35),
(342, 'Cổ Bi', 35),
(343, 'Dương Hà', 35),
(344, 'Dương Quang', 35),
(345, 'Dương Xá', 35),
(346, 'Kiêu Kỵ', 35),
(347, 'Kim Lan', 35),
(348, 'Ninh Hiệp', 35),
(349, 'Tam Đa', 35),
(350, 'Thôn Thượng', 35),
(351, 'Duyên Hà', 36),
(352, 'Hữu Hòa', 36),
(353, 'Liên Trung', 36),
(354, 'Ngọc Hồi', 36),
(355, 'Tả Thanh Oai', 36),
(356, 'Tân Hưng', 36),
(357, 'Tân Lập', 36),
(358, 'Tả Thanh Oai', 36),
(359, 'Thanh Liệt', 36),
(360, 'Văn Bình', 36),
(361, 'Cầu Diễn', 37),
(362, 'Đại Mỗ', 37),
(363, 'Đỗ Động', 37),
(364, 'Mễ Trì', 37),
(365, 'Phú Đô', 37),
(366, 'Phương Canh', 37),
(367, 'Tây Mỗ', 37),
(368, 'Thanh Xuân Trung', 37),
(369, 'Trung Văn', 37),
(370, 'Xuân Phương', 37),
(371, 'Bắc Từ Liêm', 38),
(372, 'Cổ Nhuế', 38),
(373, 'Đông Ngạc', 38),
(374, 'Liên Mạc', 38),
(375, 'Minh Khai', 38),
(376, 'Quang Trung', 38),
(377, 'Thụy Phương', 38),
(378, 'Thượng Cát', 38),
(379, 'Tống Phan', 38),
(380, 'Xuân Đỉnh', 38),
(381, 'Bích Hòa', 39),
(382, 'Cao Dương', 39),
(383, 'Cao Viên', 39),
(384, 'Đồng Hưu', 39),
(385, 'Hồng Dương', 39),
(386, 'Lê Lợi', 39),
(387, 'Phú Cát', 39),
(388, 'Phú Minh', 39),
(389, 'Sơn Đông', 39),
(390, 'Tam Hưng', 39),
(391, 'Chi Đông', 40),
(392, 'Chu Phan', 40),
(393, 'Đại Thịnh', 40),
(394, 'Kim Hoa', 40),
(395, 'Liên Mạc', 40),
(396, 'Mê Linh', 40),
(397, 'Quang Minh', 40),
(398, 'Tam Đồng', 40),
(399, 'Thạch Đà', 40),
(400, 'Tiền Phong', 40),
(401, 'An Dương', 41),
(402, 'An Hòa', 41),
(403, 'Cát Bà', 41),
(404, 'Đổng Quốc Bình', 41),
(405, 'Đông Hải 1', 41),
(406, 'Đông Hải 2', 41),
(407, 'Hạ Lý', 41),
(408, 'Hải An', 41),
(409, 'Lê Lợi', 41),
(410, 'Trại Chuối', 41),
(411, 'Bàng La', 42),
(412, 'Bảo Kê', 42),
(413, 'Bắc Sơn', 42),
(414, 'Cát Bà', 42),
(415, 'Cát Cụt', 42),
(416, 'Cát Dài', 42),
(417, 'Cát Hải', 42),
(418, 'Cát Lâm', 42),
(419, 'Cát Viên', 42),
(420, 'Cát Vàng', 42),
(421, 'An Dương', 43),
(422, 'An Hòa', 43),
(423, 'Cát Bà', 43),
(424, 'Đổng Quốc Bình', 43),
(425, 'Đông Hải 1', 43),
(426, 'Đông Hải 2', 43),
(427, 'Hạ Lý', 43),
(428, 'Hải An', 43),
(429, 'Lê Lợi', 43),
(430, 'Trại Chuối', 43),
(431, 'An Lão', 44),
(432, 'An Lão Đông', 44),
(433, 'An Lão Tây', 44),
(434, 'An Thái', 44),
(435, 'Bát Trang', 44),
(436, 'Bến Quan', 44),
(437, 'Châu Minh', 44),
(438, 'Châu Thái', 44),
(439, 'Châu Đức', 44),
(440, 'Đại Bái', 44),
(441, 'An Biên', 45),
(442, 'Dư Hàng', 45),
(443, 'Đông Hải', 45),
(444, 'Đổng Quốc Bình', 45),
(445, 'Gia Viên', 45),
(446, 'Hạ Lý', 45),
(447, 'Lê Lợi', 45),
(448, 'Niệm Nghĩa', 45),
(449, 'Trại Chuối', 45),
(450, 'Trần Nguyên Hãn', 45),
(451, 'Bắc Hải', 46),
(452, 'Cấp Tiến', 46),
(453, 'Đại Thắng', 46),
(454, 'Đoàn Đình Thượng', 46),
(455, 'Đông Hải 1', 46),
(456, 'Đông Hải 2', 46),
(457, 'Đồng Tiến', 46),
(458, 'Hải Lựu', 46),
(459, 'Hòa Tiến', 46),
(460, 'Kiến Thiết', 46),
(461, 'An Lạc', 47),
(462, 'An Lập', 47),
(463, 'An Sơn', 47),
(464, 'Bồ Xuyên', 47),
(465, 'Cao Minh', 47),
(466, 'Cổ Am', 47),
(467, 'Cộng Hiền', 47),
(468, 'Dũng Tiến', 47),
(469, 'Dương Hà', 47),
(470, 'Dương Quan', 47),
(471, 'An Hòa', 48),
(472, 'An Hưng', 48),
(473, 'An Hương', 48),
(474, 'An Hữu', 48),
(475, 'An Lưu', 48),
(476, 'An Phong', 48),
(477, 'An Phú', 48),
(478, 'An Sơn', 48),
(479, 'An Thắng', 48),
(480, 'An Thái', 48),
(481, 'An Châu', 49),
(482, 'An Dương', 49),
(483, 'An Dương', 49),
(484, 'An Hải', 49),
(485, 'An Hoà', 49),
(486, 'An Hồng', 49),
(487, 'An Hưng', 49),
(488, 'An Lão', 49),
(489, 'An Lư', 49),
(490, 'An Minh', 49),
(491, 'Bắc Hải', 50),
(492, 'Cấp Tiến', 50),
(493, 'Đại Thắng', 50),
(494, 'Đoàn Đình Thượng', 50),
(495, 'Đông Hải 1', 50),
(496, 'Đông Hải 2', 50),
(497, 'Đồng Tiến', 50),
(498, 'Hải Lựu', 50),
(499, 'Hòa Tiến', 50),
(500, 'Kiến Thiết', 50),
(501, 'An Lạc', 51),
(502, 'An Lập', 51),
(503, 'An Sơn', 51),
(504, 'Bồ Xuyên', 51),
(505, 'Cao Minh', 51),
(506, 'Cổ Am', 51),
(507, 'Cộng Hiền', 51),
(508, 'Dũng Tiến', 51),
(509, 'Dương Hà', 51),
(510, 'Dương Quan', 51),
(511, 'An Hòa', 52),
(512, 'An Hưng', 52),
(513, 'An Hương', 52),
(514, 'An Hữu', 52),
(515, 'An Lưu', 52),
(516, 'An Phong', 52),
(517, 'An Phú', 52),
(518, 'An Sơn', 52),
(519, 'An Thắng', 52),
(520, 'An Thái', 52),
(521, 'Bình Hiên', 53),
(522, 'Bình Thuận', 53),
(523, 'Hải Châu 1', 53),
(524, 'Hải Châu 2', 53),
(525, 'Hòa Cường Bắc', 53),
(526, 'Hòa Cường Nam', 53),
(527, 'Hòa Thọ Đông', 53),
(528, 'Hòa Thọ Tây', 53),
(529, 'Nam Dương', 53),
(530, 'Phước Ninh', 53),
(531, 'An Khê', 54),
(532, 'Chính Gián', 54),
(533, 'Hòa Khê', 54),
(534, 'Tam Thuận', 54),
(535, 'Thanh Khê Đông', 54),
(536, 'Thanh Khê Tây', 54),
(537, 'Thanh Lộc Đán', 54),
(538, 'Vĩnh Trung', 54),
(539, 'Xuân Hà', 54),
(540, 'Xuân Thủy', 54),
(541, 'An Hải Bắc', 55),
(542, 'An Hải Đông', 55),
(543, 'An Hải Tây', 55),
(544, 'Mân Thái', 55),
(545, 'Nại Hiên Đông', 55),
(546, 'Phước Mỹ', 55),
(547, 'Phước Thuận', 55),
(548, 'Thọ Quang', 55),
(549, 'Mỹ An', 55),
(550, 'Khuê Mỹ', 55),
(551, 'Hòa Hải', 56),
(552, 'Khuê Mỹ', 56),
(553, 'Mỹ An', 56),
(554, 'Mỹ Đông', 56),
(555, 'Mỹ Hòa', 56),
(556, 'Mỹ Xuyên', 56),
(557, 'Nại Hiên Đông', 56),
(558, 'Phước Mỹ', 56),
(559, 'Thanh Quýt', 56),
(560, 'Non Nước', 56),
(561, 'Hòa Hiệp Bắc', 57),
(562, 'Hòa Hiệp Nam', 57),
(563, 'Hòa Khánh Bắc', 57),
(564, 'Hòa Khánh Nam', 57),
(565, 'Hòa Minh', 57),
(566, 'Hòa Nhơn', 57),
(567, 'Hòa Quý', 57),
(568, 'Hòa Thọ Đông', 57),
(569, 'Hòa Thọ Tây', 57),
(570, 'Hòa Xuân', 57),
(571, 'Hòa An', 58),
(572, 'Hòa Phát', 58),
(573, 'Hòa Thọ Đông', 58),
(574, 'Hòa Thọ Tây', 58),
(575, 'Hòa Xuân', 58),
(576, 'Khuê Trung', 58),
(577, 'Khuê Trung', 58),
(578, 'Nại Hiên Đông', 58),
(579, 'Phước Mỹ', 58),
(580, 'Thanh Quýt', 58),
(581, 'Hòa Bắc', 59),
(582, 'Hòa Châu', 59),
(583, 'Hòa Khương', 59),
(584, 'Hòa Liên', 59),
(585, 'Hòa Nhơn', 59),
(586, 'Hòa Ninh', 59),
(587, 'Hòa Phong', 59),
(588, 'Hòa Phú', 59),
(589, 'Hòa Phước', 59),
(590, 'Hòa Quý', 59),
(591, 'Hoàng Sa', 60),
(592, 'Đà Vỹ', 60),
(593, 'Mỹ Khe', 60),
(594, 'An Hải Đông', 60),
(595, 'An Hải Tây', 60),
(596, 'An Hải Bắc', 60),
(597, 'Mỹ An', 60),
(598, 'Khuê Mỹ', 60),
(599, 'Nại Hiên Đông', 60),
(600, 'Phước Mỹ', 60),
(601, 'Hải Châu 1', 53),
(602, 'Hải Châu 2', 53),
(603, 'Hải Châu 3', 53),
(604, 'Hải Châu 4', 53),
(605, 'Hải Châu 5', 53),
(606, 'An Hải Bắc', 53),
(607, 'An Hải Đông', 53),
(608, 'An Hải Tây', 53),
(609, 'Mân Thái', 53),
(610, 'Nại Hiên Đông', 53),
(611, 'Thạch Thang', 54),
(612, 'An Khê', 54),
(613, 'Chính Gián', 54),
(614, 'Hòa Khê', 54),
(615, 'Tam Thuận', 54),
(616, 'Tân Chính', 54),
(617, 'Thanh Khê Đông', 54),
(618, 'Thanh Khê Tây', 54),
(619, 'Vĩnh Trung', 54),
(620, 'Xuân Hà', 54),
(621, 'An Hải Bắc', 55),
(622, 'An Hải Đông', 55),
(623, 'An Hải Tây', 55),
(624, 'Mân Thái', 55),
(625, 'Nại Hiên Đông', 55),
(626, 'Phước Mỹ', 55),
(627, 'Thọ Quang', 55),
(628, 'Mỹ An', 55),
(629, 'Khuê Mỹ', 55),
(630, 'Hoà Quý', 55),
(631, 'Hòa Hải', 56),
(632, 'Hòa Quý', 56),
(633, 'Khuê Mỹ', 56),
(634, 'Mỹ An', 56),
(635, 'Mỹ Đông', 56),
(636, 'Mỹ Hòa', 56),
(637, 'Mỹ Trà', 56),
(638, 'Tân Hòa', 56),
(639, 'Thanh Khê Đông', 56),
(640, 'Thanh Khê Tây', 56),
(641, 'Hòa Hiệp Bắc', 57),
(642, 'Hòa Hiệp Nam', 57),
(643, 'Hòa Khánh Bắc', 57),
(644, 'Hòa Khánh Nam', 57),
(645, 'Hòa Minh', 57),
(646, 'Hòa Ninh', 57),
(647, 'Hòa Phong', 57),
(648, 'Hòa Phú', 57),
(649, 'Hòa Thọ Đông', 57),
(650, 'Hòa Thọ Tây', 57),
(651, 'Hòa An', 58),
(652, 'Hòa Phát', 58),
(653, 'Hòa Thọ Đông', 58),
(654, 'Hòa Thọ Tây', 58),
(655, 'Hòa Thọ Đông', 58),
(656, 'Hòa Thọ Tây', 58),
(657, 'Khuê Trung', 58),
(658, 'Thạc Gián', 58),
(659, 'Thạch Thang', 58),
(660, 'Thanh Bình', 58),
(661, 'Hòa Bắc', 59),
(662, 'Hòa Châu', 59),
(663, 'Hòa Khương', 59),
(664, 'Hòa Liên', 59),
(665, 'Hòa Nhơn', 59),
(666, 'Hòa Ninh', 59),
(667, 'Hòa Phong', 59),
(668, 'Hòa Phú', 59),
(669, 'Hòa Thọ Đông', 59),
(670, 'Hòa Thọ Tây', 59),
(671, 'Quận 1', 60),
(672, 'Quận 2', 60),
(673, 'Quận 3', 60),
(674, 'Quận 4', 60),
(675, 'Quận 5', 60),
(676, 'Quận 6', 60),
(677, 'Quận 7', 60),
(678, 'Quận 8', 60),
(679, 'Quận 9', 60),
(680, 'Quận 10', 60),
(681, 'An Bình', 61),
(682, 'An Cư', 61),
(683, 'An Hòa', 61),
(684, 'An Khánh', 61),
(685, 'An Nghiệp', 61),
(686, 'An Phú', 61),
(687, 'An Thạnh', 61),
(688, 'An Thới', 61),
(689, 'Bùi Hữu Nghĩa', 61),
(690, 'Châu Văn Liêm', 61),
(691, 'Đông Hưng', 62),
(692, 'Đông Thạnh', 62),
(693, 'Mỹ Khánh', 62),
(694, 'Thới Hưng', 62),
(695, 'Thới Long', 62),
(696, 'Thới Thuận', 62),
(697, 'Trường Xuân', 62),
(698, 'Thới An', 62),
(699, 'Trường Thành', 62),
(700, 'Ô Môn', 62),
(701, 'Bình Thủy', 63),
(702, 'Long Hòa', 63),
(703, 'Long Tuyền', 63),
(704, 'Long Trì', 63),
(705, 'Phú Thứ', 63),
(706, 'Thới An', 63),
(707, 'Trà An', 63),
(708, 'Trà Nóc', 63),
(709, 'Trà Sư', 63),
(710, 'Bình Thủy', 63),
(711, 'Ba Láng', 64),
(712, 'Thường Thạnh', 64),
(713, 'Châu Thành', 64),
(714, 'Hưng Thạnh', 64),
(715, 'Hưng Phú', 64),
(716, 'Lê Bình', 64),
(717, 'Nhơn Nghệ', 64),
(718, 'Thạnh Mỹ', 64),
(719, 'Trung An', 64),
(720, 'Thới Hưng', 64),
(721, 'Long Hưng', 65),
(722, 'Thới Thuận', 65),
(723, 'Trường Lạc', 65),
(724, 'Trường Thành', 65),
(725, 'Trường Thọ', 65),
(726, 'Trường Xuân', 65),
(727, 'Thạnh An', 65),
(728, 'Thạnh Lộc', 65),
(729, 'Thới Thạnh', 65),
(730, 'Thuận An', 65),
(731, 'Vĩnh Bình', 66),
(732, 'Vĩnh Hiệp', 66),
(733, 'Vĩnh Hòa', 66),
(734, 'Vĩnh Hậu', 66),
(735, 'Vĩnh Lợi', 66),
(736, 'Vĩnh Long', 66),
(737, 'Vĩnh Mỹ', 66),
(738, 'Vĩnh Nhuận', 66),
(739, 'Vĩnh Thành', 66),
(740, 'Vĩnh Trung', 66),
(741, 'Thạnh Phú', 67),
(742, 'Thạnh Quới', 67),
(743, 'Thạnh Thới', 67),
(744, 'Thạnh Tiến', 67),
(745, 'Thạnh Trị', 67),
(746, 'Thanh Mỹ', 67),
(747, 'Trung An', 67),
(748, 'Trung Hưng', 67),
(749, 'Trung Thạnh', 67),
(750, 'Cờ Đỏ', 67),
(751, 'Giai Xuân', 68),
(752, 'Hòa Lợi', 68),
(753, 'Phong Điền', 68),
(754, 'Tân Thới', 68),
(755, 'Trường Long', 68),
(756, 'Trường Long Tây', 68),
(757, 'Trường Long Đông', 68),
(758, 'Trường Mỹ', 68),
(759, 'Trường Xuân', 68),
(760, 'Phong Thạnh', 68),
(761, 'Cần Thơ', 69),
(762, 'Long Hòa', 69),
(763, 'Thới Lai', 69),
(764, 'Thới Thạch', 69),
(765, 'Thới Thuận', 69),
(766, 'Thới Tân', 69),
(767, 'Thới Thành', 69),
(768, 'Trường Thành', 69),
(769, 'Trường Thắng', 69),
(770, 'Trường Xuân', 69),
(771, 'Bình Đức', 70),
(772, 'Bình Khánh', 70),
(773, 'Mỹ Bình', 70),
(774, 'Mỹ Long', 70),
(775, 'Mỹ Phước', 70),
(776, 'Mỹ Quý', 70),
(777, 'Mỹ Thạnh', 70),
(778, 'Mỹ Thới', 70),
(779, 'Mỹ Xuân', 70),
(780, 'Ngọc Đức', 70),
(781, 'Châu Phú A', 71),
(782, 'Châu Phú B', 71),
(783, 'Long Châu', 71),
(784, 'Long Phú', 71),
(785, 'Long Sơn', 71),
(786, 'Mỹ An', 71),
(787, 'Phú Hưng', 71),
(788, 'Vĩnh Châu', 71),
(789, 'Vĩnh Mỹ', 71),
(790, 'Vĩnh Ngươn', 71),
(791, 'An Bình A', 72),
(792, 'An Bình B', 72),
(793, 'An Khánh', 72),
(794, 'An Phú', 72),
(795, 'Long Hồ', 72),
(796, 'Long Thạnh', 72),
(797, 'Nhơn Hội', 72),
(798, 'Nhơn Hội A', 72),
(799, 'Nhơn Nghĩa', 72),
(800, 'Phú Hữu', 72),
(801, 'Châu Thành', 73),
(802, 'Khánh An', 73),
(803, 'Khánh Bình', 73),
(804, 'Núi Sập', 73),
(805, 'Tân An', 73),
(806, 'Tân Bình', 73),
(807, 'Tân Long', 73),
(808, 'Tân Phú', 73),
(809, 'Vĩnh Gia', 73),
(810, 'Vĩnh Phú', 73),
(811, 'An Phú Thuận', 74),
(812, 'Châu Phú A', 74),
(813, 'Châu Phú B', 74),
(814, 'Châu Thành', 74),
(815, 'Phú An', 74),
(816, 'Phú Hòa', 74),
(817, 'Phú Hưng', 74),
(818, 'Phú Long', 74),
(819, 'Tân Hòa', 74),
(820, 'Vĩnh Mỹ', 74),
(821, 'An Hòa', 75),
(822, 'Bình Thạnh', 75),
(823, 'Long Giang', 75),
(824, 'Phú Đức', 75),
(825, 'Phú Thành', 75),
(826, 'Phú Thạnh', 75),
(827, 'Tân Thạnh', 75),
(828, 'Tân Thới', 75),
(829, 'Thạnh Mỹ', 75),
(830, 'Thạnh Tây', 75),
(831, 'An Châu', 76),
(832, 'An Hòa', 76),
(833, 'Bình Thạnh', 76),
(834, 'Dương Hòa', 76),
(835, 'Giang Thành', 76),
(836, 'Hòa Bình Thạnh', 76),
(837, 'Hòa Thạnh', 76),
(838, 'Phú An', 76),
(839, 'Vĩnh Hậu', 76),
(840, 'Vĩnh Hậu A', 76),
(841, 'An Lạc', 77),
(842, 'An Mỹ', 77),
(843, 'Cô Tiên', 77),
(844, 'Thạnh Mỹ', 77),
(845, 'Thới Sơn', 77),
(846, 'Trung Hưng', 77),
(847, 'Trung Lập', 77),
(848, 'Trung Thành', 77),
(849, 'Trung Thành Đông', 77),
(850, 'Trung Thành Tây', 77),
(851, 'Chợ Mới', 78),
(852, 'Hòa An', 78),
(853, 'Hòa Bình', 78),
(854, 'Long Điền A', 78),
(855, 'Long Điền B', 78),
(856, 'Long Giang', 78),
(857, 'Long Kiến', 78),
(858, 'Long Phú', 78),
(859, 'Long Sơn', 78),
(860, 'Nhơn Mỹ', 78),
(861, 'An Bình', 79),
(862, 'An Cư', 79),
(863, 'An Hòa', 79),
(864, 'An Thạch', 79),
(865, 'Ba Chúc', 79),
(866, 'Châu Lăng', 79),
(867, 'Lê Trì', 79),
(868, 'Lương An Trà', 79),
(869, 'Lương Phi', 79),
(870, 'Ô Lâm', 79),
(871, 'Long Toàn', 80),
(872, 'Phước Hiệp', 80),
(873, 'Phước Hưng', 80),
(874, 'Phước Nguyên', 80),
(875, 'Phước Trung', 80),
(876, 'Phước Vĩnh', 80),
(877, 'Tân Hưng', 80),
(878, 'Tân Thành', 80),
(879, 'Tân Thịnh', 80),
(880, 'Tân Vĩnh Hiệp', 80),
(881, '1', 81),
(882, '10', 81),
(883, '11', 81),
(884, '12', 81),
(885, '2', 81),
(886, '3', 81),
(887, '4', 81),
(888, '5', 81),
(889, '6', 81),
(890, '7', 81),
(891, 'An Ngãi', 82),
(892, 'Bà Rịa', 82),
(893, 'Láng Dài', 82),
(894, 'Long Hải', 82),
(895, 'Phước Tinh', 82),
(896, 'Tam Phước', 82),
(897, 'Tân Hai', 82),
(898, 'Tân Hải', 82),
(899, 'Tân Hòa', 82),
(900, 'Tân Minh', 82),
(901, 'Bàu Chinh', 83),
(902, 'Bình Ba', 83),
(903, 'Bình Châu', 83),
(904, 'Suối Nghệ', 83),
(905, 'Suối Rao', 83),
(906, 'Xà Bang', 83),
(907, 'Ngãi Giao', 83),
(908, 'Xuân Sơn', 83),
(909, 'Xuân Tâm', 83),
(910, 'Xuân Thịnh', 83),
(911, 'Bà Rịa', 84),
(912, 'Bình Châu', 84),
(913, 'Hòa Bình', 84),
(914, 'Long Hải', 84),
(915, 'Phước Bửu', 84),
(916, 'Phước Hòa', 84),
(917, 'Phước Tân', 84),
(918, 'Phước Thuận', 84),
(919, 'Phước Xuân', 84),
(920, 'Xuyên Mộc', 84),
(921, 'An Ngãi', 85),
(922, 'Long Hải', 85),
(923, 'Long Tân', 85),
(924, 'Long Thành', 85),
(925, 'Long Toàn', 85),
(926, 'Tân Lập', 85),
(927, 'An Bình', 85),
(928, 'An Lộc', 85),
(929, 'An Phước', 85),
(930, 'An Nhứt', 85),
(931, 'Cẩm Đông', 86),
(932, 'Cẩm Tây', 86),
(933, 'Đất Đỏ', 86),
(934, 'Long Mỹ', 86),
(935, 'Long Tân', 86),
(936, 'Long Thành', 86),
(937, 'Long Hương', 86),
(938, 'Long Phước', 86),
(939, 'Long Điền', 86),
(940, 'Phước Hải', 86),
(941, 'An Sơn', 87),
(942, 'Côn Đảo', 87),
(943, 'Hòn Bà', 87),
(944, 'Hòn Cau', 87),
(945, 'Hòn Đất', 87),
(946, 'Hòn Ngọc', 87),
(947, 'Hòn Tre', 87),
(948, 'Sơn Hải', 87),
(949, 'Sơn Tịnh', 87),
(950, 'Trường Sa', 87),
(951, 'Dĩnh Kế', 88),
(952, 'Dĩnh Trì', 88),
(953, 'Đa Mai', 88),
(954, 'Nghĩa Long', 88),
(955, 'Phan Sào Nam', 88),
(956, 'Song Mai', 88),
(957, 'Song Mai', 88),
(958, 'Tân Mỹ', 88),
(959, 'Thắng', 88),
(960, 'Trung Thành', 88),
(961, 'Canh Nậu', 89),
(962, 'Đồng Sơn', 89),
(963, 'Hồng Phong', 89),
(964, 'Hồng Thái', 89),
(965, 'Ngọc Kỳ', 89),
(966, 'Phúc Sơn', 89),
(967, 'Tiến Sơn', 89),
(968, 'Trung Sơn', 89),
(969, 'Văn Môn', 89),
(970, 'Văn Thân', 89),
(971, 'Bảo Đài', 90),
(972, 'Bảo Sơn', 90),
(973, 'Cao Xá', 90),
(974, 'Chu Trinh', 90),
(975, 'Dân Tiến', 90),
(976, 'Đại Xá', 90),
(977, 'Đông Sơn', 90),
(978, 'Hương Gián', 90),
(979, 'Hương Lâm', 90),
(980, 'Hương Vân', 90),
(981, 'Bắc Giang', 91),
(982, 'Bảo Hiệu', 91),
(983, 'Đại Lâm', 91),
(984, 'Đông Sơn', 91),
(985, 'Huyền Sơn', 91),
(986, 'Lang Giang', 91),
(987, 'Quang Minh', 91),
(988, 'Tân Dĩnh', 91),
(989, 'Tân Hưng', 91),
(990, 'Tân Mỹ', 91),
(991, 'Bắc Lý', 92),
(992, 'Bảo Đài', 92),
(993, 'Châu Minh', 92),
(994, 'Danh Thắng', 92),
(995, 'Đại Thành', 92),
(996, 'Đan Thượng', 92),
(997, 'Đông Lỗ', 92),
(998, 'Hiệp An', 92),
(999, 'Hòa Sơn', 92),
(1000, 'Hồng Lạc', 92),
(1001, 'Bảo Đài', 93),
(1002, 'Cao An', 93),
(1003, 'Cao Minh', 93),
(1004, 'Chợ', 93),
(1005, 'Đan Thượng', 93),
(1006, 'Đồng Phú', 93),
(1007, 'Kiên Lao', 93),
(1008, 'Lan Mẫu', 93),
(1009, 'Lân Mỹ', 93),
(1010, 'Phủ Lý', 93),
(1011, 'An Dương', 94),
(1012, 'An Lạc', 94),
(1013, 'An Sơn', 94),
(1014, 'Bắc Sơn', 94),
(1015, 'Bằng Luân', 94),
(1016, 'Bình Sơn', 94),
(1017, 'Chu Điện', 94),
(1018, 'Chương Xá', 94),
(1019, 'Cương Sơn', 94),
(1020, 'Đào Mỹ', 94),
(1021, 'Bạch Tân', 95),
(1022, 'Bằng Luân', 95),
(1023, 'Bình Sơn', 95),
(1024, 'Chu Điện', 95),
(1025, 'Chương Xá', 95),
(1026, 'Cương Sơn', 95),
(1027, 'Đào Mỹ', 95),
(1028, 'Đức Giang', 95),
(1029, 'Đức Nhân', 95),
(1030, 'Đức Thắng', 95),
(1031, 'An Thượng', 96),
(1032, 'Bảo Sơn', 96),
(1033, 'Động Đạt', 96),
(1034, 'Đồng Tiến', 96),
(1035, 'Đức Thượng', 96),
(1036, 'Hồng Tiến', 96),
(1037, 'Hợp Thịnh', 96),
(1038, 'Ngọc Thanh', 96),
(1039, 'Nhân Quyền', 96),
(1040, 'Nhân Thành', 96),
(1041, 'Bản Ngò', 97),
(1042, 'Bằng Lũng', 97),
(1043, 'Đồng Liên', 97),
(1044, 'Dương Quảng', 97),
(1045, 'Gia Cầm', 97),
(1046, 'Hương La', 97),
(1047, 'Khang Ninh', 97),
(1048, 'Mỹ Thịnh', 97),
(1049, 'Nà Phặc', 97),
(1050, 'Ngọc Phái', 97),
(1051, 'An Thắng', 98),
(1052, 'Bằng Thành', 98),
(1053, 'Cô Mười', 98),
(1054, 'Đức Hạnh', 98),
(1055, 'Hùng Quốc', 98),
(1056, 'Lương Can', 98),
(1057, 'Lương Lỗ', 98),
(1058, 'Thượng Nông', 98),
(1059, 'Xuân Hoà', 98),
(1060, 'Yên Nhuận', 98),
(1061, 'Cao Thăng', 99),
(1062, 'Chu Hương', 99),
(1063, 'Đắc Nông', 99),
(1064, 'Đồng Tiến', 99),
(1065, 'Hoa Cần', 99),
(1066, 'Hồng Trị', 99),
(1067, 'Kháng Nhật', 99),
(1068, 'Nam Mộc', 99),
(1069, 'Nguyễn Bình', 99),
(1070, 'Quảng Khê', 99),
(1071, 'An Bình', 100),
(1072, 'Bình Long', 100),
(1073, 'Bình Lương', 100),
(1074, 'Công Đa', 100),
(1075, 'Hương Gián', 100),
(1076, 'Hữu Sản', 100),
(1077, 'Lam Sơn', 100),
(1078, 'Quang Phong', 100),
(1079, 'Quang Vinh', 100),
(1080, 'Trùng Khánh', 100),
(1081, 'Bản Thi', 101),
(1082, 'Bằng Nạp', 101),
(1083, 'Bình Trung', 101),
(1084, 'Bộc Bố', 101),
(1085, 'Cao Thượng', 101),
(1086, 'Cao Tĩnh', 101),
(1087, 'Cầm Bặc', 101),
(1088, 'Cường Lợi', 101),
(1089, 'Điều Hoà', 101),
(1090, 'Đồng Sơn', 101),
(1091, 'Bình Lãng', 102),
(1092, 'Cải Viên', 102),
(1093, 'Chợ Đồn', 102),
(1094, 'Đồng Tâm', 102),
(1095, 'Lương Bằng', 102),
(1096, 'Lương Thông', 102),
(1097, 'Mã Ba', 102),
(1098, 'Nông Hạ', 102),
(1099, 'Phan Sào Nam', 102),
(1100, 'Phong Xạ', 102),
(1101, 'An Bình', 103),
(1102, 'Bình Long', 103),
(1103, 'Bình Phúc', 103),
(1104, 'Cao Kỳ', 103),
(1105, 'Cổ Linh', 103),
(1106, 'Dương Đức', 103),
(1107, 'Hạnh Dịch', 103),
(1108, 'Hữu Kiên', 103),
(1109, 'Kéo Nối', 103),
(1110, 'Mỹ Thọ', 103),
(1111, 'Bình Hòa', 104),
(1112, 'Bình Thành', 104),
(1113, 'Côn Minh', 104),
(1114, 'Cư Lễ', 104),
(1115, 'Đức Lý', 104),
(1116, 'Kiên Đài', 104),
(1117, 'Lương Thành', 104),
(1118, 'Nam Cường', 104),
(1119, 'Nam Dương', 104),
(1120, 'Nam Giang', 104),
(1121, '1', 105),
(1122, '2', 105),
(1123, '3', 105),
(1124, '4', 105),
(1125, '5', 105),
(1126, '7', 105),
(1127, '8', 105),
(1128, '9', 105),
(1129, '10', 105),
(1130, '11', 105),
(1131, 'An Phúc', 106),
(1132, 'Bình An', 106),
(1133, 'Bình Đại', 106),
(1134, 'Hòa Bình', 106),
(1135, 'Hồng Dân', 106),
(1136, 'Long Điền A', 106),
(1137, 'Long Điền B', 106),
(1138, 'Phước Hưng', 106),
(1139, 'Phước Long', 106),
(1140, 'Vĩnh Quới', 106),
(1141, 'Bạch Đằng', 107),
(1142, 'Bình Thạnh', 107),
(1143, 'Đông Hưng A', 107),
(1144, 'Đông Hưng B', 107),
(1145, 'Hậu Thạnh', 107),
(1146, 'Mỹ Phú', 107),
(1147, 'Mỹ Đức', 107),
(1148, 'Ngãi Xuyên', 107),
(1149, 'Nguyễn Huân', 107),
(1150, 'Phong Thạnh', 107),
(1151, 'An Minh Bắc', 108),
(1152, 'An Minh Đông', 108),
(1153, 'An Minh Tây', 108),
(1154, 'Đông Hải', 108),
(1155, 'Giang Thành', 108),
(1156, 'Hòa Chánh', 108),
(1157, 'Vĩnh Hòa', 108),
(1158, 'Vĩnh Mỹ A', 108),
(1159, 'Vĩnh Mỹ B', 108),
(1160, 'Vĩnh Thịnh', 108),
(1161, '1', 109),
(1162, '2', 109),
(1163, '3', 109),
(1164, '4', 109),
(1165, '5', 109),
(1166, '6', 109),
(1167, '7', 109),
(1168, '8', 109),
(1169, '9', 109),
(1170, '10', 109),
(1171, 'Đông Hải 1', 110),
(1172, 'Đông Hải 2', 110),
(1173, 'Đông Hải 3', 110),
(1174, 'Đông Hải 4', 110),
(1175, 'Đông Hải 5', 110),
(1176, 'Đông Hải 6', 110),
(1177, 'Đông Hải 7', 110),
(1178, 'Đông Hải 8', 110),
(1179, 'Đông Hải 9', 110),
(1180, 'Đông Hải 10', 110),
(1181, 'Châu Hưng', 111),
(1182, 'Châu Thành', 111),
(1183, 'Đại Hưng', 111),
(1184, 'Đại Thắng', 111),
(1185, 'Hưng Hội', 111),
(1186, 'Hưng Thành', 111),
(1187, 'Minh Diệu', 111),
(1188, 'Phong Hưng', 111),
(1189, 'Phong Thạnh', 111),
(1190, 'Phong Thắng', 111),
(1191, 'Kinh Bắc', 112),
(1192, 'Tiền An', 112),
(1193, 'Võ Cường', 112),
(1194, 'Vũ Ninh', 112),
(1195, 'Vũ Ninh', 112),
(1196, 'Hạp Lĩnh', 112),
(1197, 'Hòa Long', 112),
(1198, 'Khắc Niệm', 112),
(1199, 'Lê Hồng Phong', 112),
(1200, 'Lê Ninh', 112),
(1201, 'Bình Định', 113),
(1202, 'Đình Bảng', 113),
(1203, 'Đồng Kỵ', 113),
(1204, 'Khắc Niệm', 113),
(1205, 'Song Khê', 113),
(1206, 'Tân Hồng', 113),
(1207, 'Trang Hạ', 113),
(1208, 'Trang Liệt', 113),
(1209, 'Tương Giang', 113),
(1210, 'Vân Dương', 113),
(1211, 'Bằng An', 114),
(1212, 'Bồ Xuyên', 114),
(1213, 'Châu Phong', 114),
(1214, 'Đại Xuân', 114),
(1215, 'Đào Viên', 114),
(1216, 'Đình Tổ', 114),
(1217, 'Hán Quảng', 114),
(1218, 'Hồ', 114),
(1219, 'Khả Phong', 114),
(1220, 'Ngọc Xá', 114),
(1221, 'Bình Minh', 115),
(1222, 'Cao Đức', 115),
(1223, 'Cổ Bì', 115),
(1224, 'Đại Bái', 115),
(1225, 'Đông Cơ', 115),
(1226, 'Gia Đông', 115),
(1227, 'Gia Lộc', 115),
(1228, 'Gia Xuyên', 115),
(1229, 'Kỳ Sơn', 115),
(1230, 'Lãng Ngâm', 115),
(1231, 'Bằng Lũng', 116),
(1232, 'Bống', 116),
(1233, 'Đồng Kỳ', 116),
(1234, 'Hải Lạng', 116),
(1235, 'Hồ', 116),
(1236, 'Hồng Tiến', 116),
(1237, 'Hùng Sơn', 116),
(1238, 'Lãng Sơn', 116),
(1239, 'Liên Sơn', 116),
(1240, 'Lưu Kiếm', 116),
(1241, 'An Thịnh', 117),
(1242, 'Bình Định', 117),
(1243, 'Cao Thắng', 117),
(1244, 'Chấn Hưng', 117),
(1245, 'Đại An', 117),
(1246, 'Đại Đồng', 117),
(1247, 'Đức Thắng', 117),
(1248, 'Gia Hòa', 117),
(1249, 'Hưng Long', 117),
(1250, 'Hùng Thắng', 117),
(1251, '1', 122),
(1252, '2', 122),
(1253, '3', 122),
(1254, '4', 122),
(1255, '5', 122),
(1256, '6', 122),
(1257, '7', 122),
(1258, '8', 122),
(1259, '9', 122),
(1260, '10', 122),
(1261, '1', 123),
(1262, '2', 123),
(1263, '3', 123),
(1264, '4', 123),
(1265, '5', 123),
(1266, '6', 123),
(1267, '7', 123),
(1268, '8', 123),
(1269, '9', 123),
(1270, '10', 123),
(1271, 'Châu Thành', 124),
(1272, 'Hưng Nhượng', 124),
(1273, 'Long Chỉ', 124),
(1274, 'Mỹ Chánh', 124),
(1275, 'Mỹ Thành', 124),
(1276, 'Nhơn Thạnh', 124),
(1277, 'Phú An Hòa', 124),
(1278, 'Quới Điền', 124),
(1279, 'Sơn Phú', 124),
(1280, 'Tân An Hội', 124),
(1281, 'Chợ Lách', 125),
(1282, 'Hòa Nghĩa', 125),
(1283, 'Hưng Khánh Trung B', 125),
(1284, 'Long Thới', 125),
(1285, 'Phú Phụng', 125),
(1286, 'Sơn Định', 125),
(1287, 'Sơn Nguyên', 125),
(1288, 'Thạnh Phú', 125),
(1289, 'Vĩnh Bình', 125),
(1290, 'Vĩnh Hòa', 125),
(1291, 'An Đức', 126),
(1292, 'An Hóa', 126),
(1293, 'An Ngãi', 126),
(1294, 'An Nhơn', 126),
(1295, 'Bình Phong Thạnh', 126),
(1296, 'Cẩm Sơn', 126),
(1297, 'Hòa Lợi', 126),
(1298, 'Hòa Minh', 126),
(1299, 'Mỏ Cày', 126),
(1300, 'Phước Hiệp', 126),
(1301, 'Bình Nhì', 127),
(1302, 'Bình Phong Thạnh', 127),
(1303, 'Châu Bình', 127),
(1304, 'Châu Hòa', 127),
(1305, 'Hưng Lợi', 127),
(1306, 'Hưng Nhì', 127),
(1307, 'Hưng Phong', 127),
(1308, 'Long Mỹ', 127),
(1309, 'Lương Hòa', 127),
(1310, 'Lương Phú', 127),
(1311, 'Bình Đại', 128),
(1312, 'Bình Thắng', 128),
(1313, 'Long Định', 128),
(1314, 'Long Hòa', 128),
(1315, 'Long Hưng', 128),
(1316, 'Long Khánh', 128),
(1317, 'Phú Lợi', 128),
(1318, 'Phú Vang', 128),
(1319, 'Tam Hiệp', 128),
(1320, 'Tam Hòa', 128),
(1321, 'An Đức', 129),
(1322, 'An Hòa', 129),
(1323, 'An Ngãi', 129),
(1324, 'An Phú Trung', 129),
(1325, 'Bảo Thạnh', 129),
(1326, 'Bảo Thuận', 129),
(1327, 'Đại Hòa Lộc', 129),
(1328, 'Đại Hòa Thuận', 129),
(1329, 'Định Thành', 129),
(1330, 'Mỹ Chánh', 129),
(1331, 'An Điền', 130),
(1332, 'An Nhơn', 130),
(1333, 'An Quy', 130),
(1334, 'An Thuận', 130),
(1335, 'An Thủy', 130),
(1336, 'An Đông', 130),
(1337, 'Cẩm Sơn', 130),
(1338, 'Ngãi Tứ', 130),
(1339, 'Phú Khánh', 130),
(1340, 'Thạnh Phú', 130),
(1341, 'Chánh Nghĩa', 138),
(1342, 'Chánh Mỹ', 138),
(1343, 'Chánh Phú Hòa', 138),
(1344, 'Chánh Phú Mỹ', 138),
(1345, 'Chánh Thạnh', 138),
(1346, 'Chánh Thạnh', 138),
(1347, 'Hiệp An', 138),
(1348, 'Hiệp Thành', 138),
(1349, 'Hòa Phú', 138),
(1350, 'Phú Cường', 138),
(1351, 'An Bình', 139),
(1352, 'Bình An', 139),
(1353, 'Bình Thắng', 139),
(1354, 'Dĩ An', 139),
(1355, 'Đông Hòa', 139),
(1356, 'Tân Bình', 139),
(1357, 'Tân Đông Hiệp', 139),
(1358, 'Tân Hiệp', 139),
(1359, 'Tân Long Hiệp', 139),
(1360, 'Tân Mỹ', 139),
(1361, 'An Điền', 140),
(1362, 'An Tây', 140),
(1363, 'Chánh Phú Hòa', 140),
(1364, 'Chánh Phú Mỹ', 140),
(1365, 'Chánh Thạnh', 140),
(1366, 'Hòa Lợi', 140),
(1367, 'Mỹ Phước', 140),
(1368, 'Tân Định', 140),
(1369, 'Tân Thành', 140),
(1370, 'Tân Vĩnh Hiệp', 140),
(1371, 'An Linh', 141),
(1372, 'An Long', 141),
(1373, 'An Thái', 141),
(1374, 'An Thạnh', 141),
(1375, 'Phước Hoà', 141),
(1376, 'Phước Sang', 141),
(1377, 'Phước Vĩnh', 141),
(1378, 'Tân Hiệp', 141),
(1379, 'Tân Long', 141),
(1380, 'Vĩnh Hoà', 141),
(1381, 'An Vĩnh Ngãi', 142),
(1382, 'Bạch Đằng', 142),
(1383, 'Bình Mỹ', 142),
(1384, 'Hiếu Liêm', 142),
(1385, 'Khánh Bình', 142),
(1386, 'Tân Bình', 142),
(1387, 'Tân Định', 142),
(1388, 'Tân Lập', 142),
(1389, 'Tân Mỹ', 142),
(1390, 'Tân Thành', 142),
(1391, 'An Lập', 143),
(1392, 'An Long', 143),
(1393, 'Dầu Tiếng', 143),
(1394, 'Dầu Tiếng Đông', 143),
(1395, 'Long Hoà', 143),
(1396, 'Long Tân', 143),
(1397, 'Minh Hoà', 143),
(1398, 'Tân Hòa', 143),
(1399, 'Tân Phước Khánh', 143),
(1400, 'Thiện Tân', 143),
(1401, 'An Định', 144),
(1402, 'Bình Mỹ', 144),
(1403, 'Bàu Bàng', 144),
(1404, 'Cây Trường II', 144),
(1405, 'Hưng Hòa', 144),
(1406, 'Lai Uyên', 144),
(1407, 'Long Cang', 144),
(1408, 'Long Nguyên', 144),
(1409, 'Lễ Thắng', 144),
(1410, 'Thiện Tân', 144),
(1411, 'Tiến Thành', 145),
(1412, 'Tân Bình', 145),
(1413, 'Tiến Hưng', 145),
(1414, 'Tiến Lợi', 145),
(1415, 'Tiến Thắng', 145),
(1416, 'Tiến Thịnh', 145),
(1417, 'Tiến Tùng', 145),
(1418, 'Tiến Tân', 145),
(1419, 'Tiến Thành', 145),
(1420, 'Tiến Thông', 145),
(1421, 'An Lộc', 146),
(1422, 'Hưng Chiến', 146),
(1423, 'Hưng Dũng', 146),
(1424, 'Hưng Gia', 146),
(1425, 'Hưng Hòa', 146),
(1426, 'Hưng Lợi', 146),
(1427, 'Hưng Phước', 146),
(1428, 'Hưng Phú', 146),
(1429, 'Hưng Thành', 146),
(1430, 'Hưng Thông', 146),
(1431, 'Bình Thắng', 147),
(1432, 'Bình Thuận', 147),
(1433, 'Đa Kia', 147),
(1434, 'Đak Nhau', 147),
(1435, 'Đức Hạnh', 147),
(1436, 'Đức Phước', 147),
(1437, 'Đức Vân', 147),
(1438, 'Phước Minh', 147),
(1439, 'Phước Tân', 147),
(1440, 'Thiện Hưng', 147),
(1441, 'Lộc An', 148),
(1442, 'Lộc Điền', 148),
(1443, 'Lộc Hiệp', 148),
(1444, 'Lộc Hòa', 148),
(1445, 'Lộc Hưng', 148),
(1446, 'Lộc Khánh', 148),
(1447, 'Lộc Ninh', 148),
(1448, 'Lộc Phú', 148),
(1449, 'Lộc Quang', 148),
(1450, 'Lộc Thanh', 148),
(1451, 'Bù Đốp', 149),
(1452, 'Đắk Nhau', 149),
(1453, 'Đạo Long', 149),
(1454, 'Đạo Long', 149),
(1455, 'Đắk Ơ', 149),
(1456, 'Long Bình', 149),
(1457, 'Long Hà', 149),
(1458, 'Long Hưng', 149),
(1459, 'Long Tân', 149),
(1460, 'Long Thắng', 149),
(1461, 'Hớn Quản', 150),
(1462, 'Hưng Phước', 150),
(1463, 'Hưng Phước', 150),
(1464, 'Hưng Thông', 150),
(1465, 'Hưng Thông', 150),
(1466, 'Minh Đức', 150),
(1467, 'Minh Hoà', 150),
(1468, 'Minh Long', 150),
(1469, 'Minh Thành', 150),
(1470, 'Minh Tâm', 150),
(1471, 'Đồng Phú', 151),
(1472, 'Đông Phú', 151),
(1473, 'Đông Phước', 151),
(1474, 'Đông Thành', 151),
(1475, 'Minh Châu', 151),
(1476, 'Minh Hưng', 151),
(1477, 'Minh Lập', 151),
(1478, 'Minh Long', 151),
(1479, 'Minh Thành', 151),
(1480, 'Minh Thắng', 151),
(1481, 'An Bình', 152),
(1482, 'Bình Minh', 152),
(1483, 'Chơn Thành', 152),
(1484, 'Đồng Nơ', 152),
(1485, 'Minh Hưng', 152),
(1486, 'Minh Lập', 152),
(1487, 'Minh Long', 152),
(1488, 'Minh Thắng', 152),
(1489, 'Thành Tâm', 152),
(1490, 'Thành Thới', 152),
(1491, 'Đức Nghĩa', 153),
(1492, 'Đức Thắng', 153),
(1493, 'Phú Hài', 153),
(1494, 'Phú Thủy', 153),
(1495, 'Phú Tài', 153),
(1496, 'Phú Trinh', 153),
(1497, 'Phú Xuyên', 153),
(1498, 'Phú Long', 153),
(1499, 'Phú Đức', 153),
(1500, 'Phú Lạc', 153),
(1501, 'La Gi', 154),
(1502, 'Tân An', 154),
(1503, 'Thuận Quý', 154),
(1504, 'Bà Rịa', 154),
(1505, 'Hàm Tri', 154),
(1506, 'Thuận Nam', 154),
(1507, 'Hàm Cần', 154),
(1508, 'Phước Hưng', 154),
(1509, 'Thuận Hòa', 154),
(1510, 'Hàm Minh', 154),
(1511, 'Chợ Lầu', 155),
(1512, 'Phan Đức', 155),
(1513, 'Bắc Phong', 155),
(1514, 'Bình An', 155),
(1515, 'Phan Sơn', 155),
(1516, 'Hồng Phong', 155),
(1517, 'Phan Lâm', 155),
(1518, 'Bình Tân', 155),
(1519, 'Sơn Hòa', 155),
(1520, 'Bình Tịnh', 155),
(1521, 'Măng Đen', 156),
(1522, 'Sông Phan', 156),
(1523, 'Sông Bình', 156),
(1524, 'Sông Lũy', 156),
(1525, 'Phan Dũng', 156),
(1526, 'Sơn Đức', 156),
(1527, 'Sơn Hải', 156),
(1528, 'Sơn Hà', 156),
(1529, 'Sơn Tây', 156),
(1530, 'Sơn Nham', 156),
(1531, 'Thuận Nam', 157),
(1532, 'Thuận Hòa', 157),
(1533, 'Thuận Quí', 157),
(1534, 'Thuận Hưng', 157),
(1535, 'Thuận Lợi', 157),
(1536, 'Thuận Minh', 157),
(1537, 'Thuận Đức', 157),
(1538, 'Thuận Phong', 157),
(1539, 'Thuận An', 157),
(1540, 'Thuận Giao', 157),
(1541, 'Ma Lâm', 158),
(1542, 'Đa Kai', 158),
(1543, 'La Dạ', 158),
(1544, 'Hà Ra', 158),
(1545, 'Đông Giang', 158),
(1546, 'La Ngà', 158),
(1547, 'Hà Bình', 158),
(1548, 'Hà Đông', 158),
(1549, 'Hà Lâm', 158),
(1550, 'Hà Tân', 158),
(1551, 'Đức Tài', 159),
(1552, 'Gia An', 159),
(1553, 'Gia Huynh', 159),
(1554, 'Gia Lộc', 159),
(1555, 'Gia Tân', 159),
(1556, 'Gia Thành', 159),
(1557, 'Gia Phú', 159),
(1558, 'Gia Hòa', 159),
(1559, 'Gia Hiệp', 159),
(1560, 'Gia Vân', 159),
(1561, 'Bắc Ruộng', 160),
(1562, 'Nam Ruộng', 160),
(1563, 'Đông Bình', 160),
(1564, 'Tây Bình', 160),
(1565, 'Tây Giang', 160),
(1566, 'Tây Sơn', 160),
(1567, 'Gia Đức', 160),
(1568, 'Đức Phú', 160),
(1569, 'Đức Bình', 160),
(1570, 'Đức Thắng', 160),
(1571, 'Ngũ Phụng', 161),
(1572, 'Tân Hải', 161),
(1573, 'Long Hải', 161),
(1574, 'Tam Thanh', 161),
(1575, 'Phú Mỹ', 161),
(1576, 'Phong Nam', 161),
(1577, 'Phú Mỹ', 161),
(1578, 'Tân Phong', 161),
(1579, 'Tân Tiến', 161),
(1580, 'Tiến Lợi', 161),
(1581, '1', 162),
(1582, '2', 162),
(1583, '3', 162),
(1584, '4', 162),
(1585, '5', 162),
(1586, '6', 162),
(1587, '7', 162),
(1588, '8', 162),
(1589, '9', 162),
(1590, '10', 162),
(1591, 'Khánh An', 163),
(1592, 'Khánh Hòa', 163),
(1593, 'Khánh Hội', 163),
(1594, 'Khánh Lâm', 163),
(1595, 'Khánh Thuận', 163),
(1596, 'Khánh Tiến', 163),
(1597, 'Liên Hiệp', 163),
(1598, 'Nguyễn Phích', 163),
(1599, 'Thạnh Yên', 163),
(1600, 'U Minh', 163),
(1601, 'Biển Bạch', 164),
(1602, 'Tân Bằng', 164),
(1603, 'Tân Biên', 164),
(1604, 'Tân Huỳnh', 164),
(1605, 'Tân Lộc', 164),
(1606, 'Tân Lợi', 164),
(1607, 'Tân Phú', 164),
(1608, 'Tân Thành', 164),
(1609, 'Tân Tiến', 164),
(1610, 'Tân Xuân', 164),
(1611, 'Khánh Bình', 165),
(1612, 'Khánh Bình Đông', 165),
(1613, 'Khánh Bình Tây', 165),
(1614, 'Khánh Bình Tây Bắc', 165),
(1615, 'Khánh Hải', 165),
(1616, 'Khánh Hội', 165),
(1617, 'Khánh Lộc', 165),
(1618, 'Khánh Nhạc', 165),
(1619, 'Khánh Phú', 165),
(1620, 'Khánh Thuận', 165),
(1621, '1', 166),
(1622, '2', 166),
(1623, '3', 166),
(1624, '4', 166),
(1625, '5', 166),
(1626, '6', 166),
(1627, '7', 166),
(1628, '8', 166),
(1629, '9', 166),
(1630, '10', 166),
(1631, 'Đầm Dơi', 167),
(1632, 'Ngọc Hiển', 167),
(1633, 'Tạ An Khương', 167),
(1634, 'Tạ An Khương  Đông', 167),
(1635, 'Tạ An Khương Tây', 167),
(1636, 'Tạ An Khương  Nam', 167),
(1637, 'Trần Phán', 167),
(1638, 'Trần Thới', 167),
(1639, 'Trần Văn Thời', 167),
(1640, 'Trần Văn Thời  Đông', 167),
(1641, 'Cái Cung', 168),
(1642, 'Đất Mới', 168),
(1643, 'Hàm Rồng', 168),
(1644, 'Hồng Phong', 168),
(1645, 'Lâm Hải', 168),
(1646, 'Lâm U', 168),
(1647, 'Tam Giang', 168),
(1648, 'Tam Giang  Đông', 168),
(1649, 'Tam Giang  Nam', 168),
(1650, 'Tam Giang  Tây', 168),
(1651, 'Hòa Hiệp', 169),
(1652, 'Hòa Mỹ', 169),
(1653, 'Hòa Thành', 169),
(1654, 'Lợi An', 169),
(1655, 'Ngọc Chánh', 169),
(1656, 'Ngọc Hiển', 169),
(1657, 'Nguyễn Việt Khái', 169),
(1658, 'Thạnh Phước', 169),
(1659, 'Thạnh Thới An', 169),
(1660, 'Thạnh Thới Thuận', 169),
(1661, 'Hòa Chung', 178),
(1662, 'Hòa Thắng', 178),
(1663, 'Hợp Giang', 178),
(1664, 'Nguyễn Huệ', 178),
(1665, 'Quảng Hòa', 178),
(1666, 'Sông Bằng', 178),
(1667, 'Sông Hiến', 178),
(1668, 'Thanh Vận', 178),
(1669, 'Trần Phú', 178),
(1670, 'Vĩnh Quang', 178),
(1671, 'Lộc Bình', 179),
(1672, 'Lộc Lâm', 179),
(1673, 'Lộc Sơn', 179),
(1674, 'Lộc Thanh', 179),
(1675, 'Lộc Thái', 179),
(1676, 'Lộc Tấn', 179),
(1677, 'Lộc Tiến', 179),
(1678, 'Lộc Trì', 179),
(1679, 'Lộc Tâm', 179),
(1680, 'Lộc Nga', 179),
(1681, 'Cô Ba', 180),
(1682, 'Hồng Trị', 180),
(1683, 'Lương Thông', 180),
(1684, 'Nà Tăm', 180),
(1685, 'Phan Thanh', 180),
(1686, 'Quảng Kim', 180),
(1687, 'Thượng Hà', 180),
(1688, 'Xuân Trường', 180),
(1689, 'Yên Sơn', 180),
(1690, 'Yên Thành', 180),
(1691, 'Bảo Lạc', 181),
(1692, 'Cô Bản', 181),
(1693, 'Cô Mạ', 181),
(1694, 'Đình Phùng', 181),
(1695, 'Hồng An', 181),
(1696, 'Hồng Trị', 181),
(1697, 'Kim Cúc', 181),
(1698, 'Phan Thanh', 181),
(1699, 'Sơn Lập', 181),
(1700, 'Sơn Lộ', 181),
(1701, 'Cải Viên', 182),
(1702, 'Đào Ngạn', 182),
(1703, 'Đức Quang', 182),
(1704, 'Đức Vân', 182),
(1705, 'Hữu Khánh', 182),
(1706, 'Hữu Lân', 182),
(1707, 'Kiên Lao', 182),
(1708, 'Kim Ngọc', 182),
(1709, 'Linh Thông', 182),
(1710, 'Lý Bôn', 182),
(1711, 'Đức Long', 183),
(1712, 'Hòa An', 183),
(1713, 'Hòa Phú', 183),
(1714, 'Hữu Học', 183),
(1715, 'Kéo Nài', 183),
(1716, 'Long Phú', 183),
(1717, 'Minh Lương', 183),
(1718, 'Ngọc Long', 183),
(1719, 'Ngọc Thanh', 183),
(1720, 'Phúc Sơn', 183),
(1721, 'Bình Long', 184),
(1722, 'Công Sơn', 184),
(1723, 'Hưng Đạo', 184),
(1724, 'Hưng Hóa', 184),
(1725, 'Hưng Thành', 184),
(1726, 'Lăng Cô', 184),
(1727, 'Phúc Thịnh', 184),
(1728, 'Quảng Khê', 184),
(1729, 'Thạch An', 184),
(1730, 'Thái Long', 184),
(1731, 'Bạch Đằng', 185),
(1732, 'Đại Sơn', 185),
(1733, 'Đồng Loan', 185),
(1734, 'Lương Ngọc', 185),
(1735, 'Quảng Hòa', 185),
(1736, 'Tân Dương', 185),
(1737, 'Tân Ngọc', 185),
(1738, 'Thái Sơn', 185),
(1739, 'Thái Thanh', 185),
(1740, 'Tĩnh Hải', 185),
(1741, 'Chí Viễn', 186),
(1742, 'Cô Mỹ', 186),
(1743, 'Hùng Quốc', 186),
(1744, 'Hưng Đạo', 186),
(1745, 'Hưng Thịnh', 186),
(1746, 'Lăng Hiếu', 186),
(1747, 'Lăng Yên', 186),
(1748, 'Ngọc Khê', 186),
(1749, 'Quốc Toản', 186),
(1750, 'Quốc Tuấn', 186),
(1751, 'Bắc Cường', 187),
(1752, 'Bằng Hành', 187),
(1753, 'Cao Chương', 187),
(1754, 'Cư Lễ', 187),
(1755, 'Đình Phong', 187),
(1756, 'Lương Bằng', 187),
(1757, 'Lương Mông', 187),
(1758, 'Phong Niên', 187),
(1759, 'Phong Thịnh', 187),
(1760, 'Quảng Bạch', 187),
(1761, 'Bạch Xa', 188),
(1762, 'Dân Chủ', 188),
(1763, 'Dương Bài', 188),
(1764, 'Hiệp Hòa', 188),
(1765, 'Hòa An', 188),
(1766, 'Hồng Đức', 188),
(1767, 'Hồng Quang', 188),
(1768, 'Hồng Thái', 188),
(1769, 'Tân An', 188),
(1770, 'Tân Dân', 188),
(1771, 'An Bình', 189),
(1772, 'Bình Dương', 189),
(1773, 'Cư Bao', 189),
(1774, 'Cư Giang', 189),
(1775, 'Cư Nê', 189),
(1776, 'Ea Blang', 189),
(1777, 'Ea Drông', 189),
(1778, 'Ea Siên', 189),
(1779, 'Ea Tiêu', 189),
(1780, 'Hòa Khánh', 189),
(1781, 'An Lạc', 190),
(1782, 'Bình Tân', 190),
(1783, 'Ea Bá', 190),
(1784, 'Ea Bar', 190),
(1785, 'Ea Huar', 190),
(1786, 'Ea Kao', 190),
(1787, 'Ea Na', 190),
(1788, 'Ea Tam', 190),
(1789, 'Khánh Xuân', 190),
(1790, 'Tân An', 190),
(1791, 'Cư A Mung', 191),
(1792, 'Cư Mốt', 191),
(1793, 'Cư Né', 191),
(1794, 'Cư Prông', 191),
(1795, 'Cư San', 191),
(1796, 'Ea Hiao', 191),
(1797, 'Ea Lai', 191),
(1798, 'Ea M\' Doal', 191),
(1799, 'Ea Tar', 191),
(1800, 'Krông Na', 191),
(1801, 'Bù Gia Mập', 192),
(1802, 'Đa Kia', 192),
(1803, 'Đak Song', 192),
(1804, 'Đức An', 192),
(1805, 'Đức Hòa', 192),
(1806, 'Đức Phong', 192),
(1807, 'Đức Thạnh', 192),
(1808, 'Đức Tài', 192),
(1809, 'Đức Vân', 192),
(1810, 'Ea Bia', 192),
(1811, 'Cư Klông', 193),
(1812, 'Cư M\'gar', 193),
(1813, 'Cư Su', 193),
(1814, 'Ea H\'đinh', 193),
(1815, 'Ea H\'leo', 193),
(1816, 'Ea T\'ly', 193),
(1817, 'Hòa Thành', 193),
(1818, 'Khuê Ngọc Điền', 193),
(1819, 'Yang Reh', 193),
(1820, 'Yang Tao', 193),
(1821, 'Cư Dliê M\'nông', 194),
(1822, 'Cư M\'lan', 194),
(1823, 'Cư Pui', 194),
(1824, 'Cư Ty', 194),
(1825, 'Ea Ô', 194),
(1826, 'Ea Ô', 194),
(1827, 'Ea H\'đinh', 194),
(1828, 'Hòa Lễ', 194),
(1829, 'Hòa Phong', 194),
(1830, 'Yang M\'bung', 194),
(1831, 'Cư A Tang', 195),
(1832, 'Cư Dliê Ya', 195),
(1833, 'Cư Kbang', 195),
(1834, 'Cư M\'ga', 195),
(1835, 'Cư Prao', 195),
(1836, 'Dliê M\'nông', 195),
(1837, 'Ea H\'leo', 195),
(1838, 'Hòa An', 195),
(1839, 'Hòa Đông', 195),
(1840, 'Hòa Tiến', 195),
(1841, 'Bông Krang', 196),
(1842, 'Buôn Trấp', 196),
(1843, 'Cư K\'Lan', 196),
(1844, 'Cư M\'ta', 196),
(1845, 'Ea Bông', 196),
(1846, 'Ea Lai', 196),
(1847, 'Ea M\'Đông', 196),
(1848, 'Ea O', 196),
(1849, 'Ea T\'Ling', 196),
(1850, 'Krông Ana', 196),
(1851, 'Cư Kbang', 197),
(1852, 'Cư Króa', 197),
(1853, 'Cư M\'gar', 197),
(1854, 'Cư M\'Rang', 197),
(1855, 'Cư Su', 197),
(1856, 'Ea Bông', 197),
(1857, 'Ea Lai', 197),
(1858, 'Ea M\' Đông', 197),
(1859, 'Ea M\' Sơn', 197),
(1860, 'Ea Ngai', 197),
(1861, 'Buôn Bôk', 198),
(1862, 'Cư B\'Nok', 198),
(1863, 'Cư Drăm', 198),
(1864, 'Cư KTu', 198),
(1865, 'Cư M\'liêng', 198),
(1866, 'Cư Pơng', 198),
(1867, 'Cư Prông', 198),
(1868, 'Cư Pui', 198),
(1869, 'Cư Suê', 198),
(1870, 'Cư Tung', 198),
(1871, 'Cư Drăm', 199),
(1872, 'Cư Kuin', 199),
(1873, 'Cư M\'ta', 199),
(1874, 'Cư M\'gar', 199),
(1875, 'Cư Nê', 199),
(1876, 'Cư Pui', 199),
(1877, 'Cư T\'liêng', 199),
(1878, 'Ea Kly', 199),
(1879, 'Ea T\'hah', 199),
(1880, 'Ea Tul', 199),
(1881, 'Cư Kbang', 200),
(1882, 'Cư Kty', 200),
(1883, 'Cư M\'drắk', 200),
(1884, 'Cư M\'gar', 200),
(1885, 'Cư M\'lan', 200),
(1886, 'Cư Nê', 200),
(1887, 'Cư Pui', 200),
(1888, 'Cư Suê', 200),
(1889, 'Cư T\'liêng', 200),
(1890, 'Ea B\'Lah', 200),
(1891, 'Nghĩa Đức', 201),
(1892, 'Nghĩa Thành', 201),
(1893, 'Nghĩa Phú', 201),
(1894, 'Nghĩa Tân', 201),
(1895, 'Nghĩa Trung', 201),
(1896, 'Nghĩa Hà', 201),
(1897, 'Nghĩa Hòa', 201),
(1898, 'Nghĩa Hưng', 201),
(1899, 'Nghĩa Lâm', 201),
(1900, 'Nghĩa Phương', 201),
(1901, 'Đắk Glong', 202),
(1902, 'Đắk Mar', 202),
(1903, 'Đắk Plao', 202),
(1904, 'Đắk P0òng', 202),
(1905, 'Đắk Pring', 202),
(1906, 'Đắk Sôr', 202),
(1907, 'Đắk Trôi', 202),
(1908, 'Đắk Tul', 202),
(1909, 'Thác Mơ', 202),
(1910, 'Tu Mơ Rông', 202),
(1911, 'Cư Drăm', 203),
(1912, 'Cư Jút', 203),
(1913, 'Dray Bhăng', 203),
(1914, 'Hà Tam', 203),
(1915, 'Kiến Thành', 203),
(1916, 'Liên Sơn', 203),
(1917, 'Yang Trải', 203),
(1918, 'Yang Tao', 203),
(1919, 'Yang Trung', 203),
(1920, 'Yang Nhơn', 203),
(1921, 'Bờ Y', 204),
(1922, 'Đắk Lao', 204),
(1923, 'Đắk Mil', 204),
(1924, 'Đắk N\'Drót', 204),
(1925, 'Đắk R\'Măng', 204),
(1926, 'Đắk Sắk', 204),
(1927, 'Đắk G\'Long', 204),
(1928, 'Đắk Drăm', 204),
(1929, 'Đắk Sin', 204),
(1930, 'Đắk Tôi', 204),
(1931, 'Dak Mâm', 205),
(1932, 'Dak So', 205),
(1933, 'Ea M\' Doal', 205),
(1934, 'Ea Pô', 205),
(1935, 'Krông Nô', 205),
(1936, 'Yang Lanh', 205),
(1937, 'Yang Tao', 205),
(1938, 'Yang Trinh', 205),
(1939, 'Yang Nang', 205),
(1940, 'Yang Mao', 205),
(1941, 'Ayun', 206),
(1942, 'Chư Ty', 206),
(1943, 'Đắk Drôt', 206),
(1944, 'Đắk Nên', 206),
(1945, 'Đắk Ring', 206),
(1946, 'Đắk Tờ Re', 206),
(1947, 'Đắk Kôi', 206),
(1948, 'Đắk Yă', 206),
(1949, 'Hà Bầu', 206),
(1950, 'Măng Ri', 206),
(1951, 'Đắk Ru', 207),
(1952, 'Đắk Sin', 207),
(1953, 'Đắk Sri', 207),
(1954, 'Đắk Tơ Ver', 207),
(1955, 'Đắk Xu', 207),
(1956, 'Krông Búk', 207),
(1957, 'Krông Nang', 207),
(1958, 'M\'Drắk', 207),
(1959, 'Yang Cao', 207),
(1960, 'Yang Nam', 207),
(1961, 'Đắk Búk So', 208),
(1962, 'Đắk Ngo', 208),
(1963, 'Đắk R\'Cơ Mâm', 208),
(1964, 'Đắk Sơn', 208),
(1965, 'Nghĩa Tâm', 208),
(1966, 'Quảng Thịnh', 208),
(1967, 'Quảng Tín', 208),
(1968, 'Yang Trạch', 208),
(1969, 'Yang Tang', 208),
(1970, 'Yang Trình', 208),
(1971, 'Mường Thanh', 209),
(1972, 'Nà Nhạn', 209),
(1973, 'Noong Bua', 209),
(1974, 'Pà Khoang', 209),
(1975, 'Tân Thanh', 209),
(1976, 'Thanh Bình', 209),
(1977, 'Thanh Minh', 209),
(1978, 'Thanh Trường', 209),
(1979, 'Thanh Xuân', 209),
(1980, 'Thanh Yên', 209),
(1981, 'Na Lay', 210),
(1982, 'Sông Đà', 210),
(1983, 'Chà Cang', 210),
(1984, 'Chà Nưa', 210),
(1985, 'Hua Thanh', 210),
(1986, 'Nà Khoa', 210),
(1987, 'Nà Tấu', 210),
(1988, 'Pa Thơm', 210),
(1989, 'Sín Thầu', 210),
(1990, 'Tà Hừa', 210),
(1991, 'Chung Chải', 211),
(1992, 'Hua Bun', 211),
(1993, 'Leng Su Sìn', 211),
(1994, 'Mường Nhé', 211),
(1995, 'Muổi Nưa', 211),
(1996, 'Nậm Kè', 211),
(1997, 'Nậm Vìn', 211),
(1998, 'Pá Mỳ', 211),
(1999, 'Quảng Lâm', 211),
(2000, 'Tả Tùng', 211),
(2001, 'Huổi Một', 212),
(2002, 'Làng Xả Phình', 212),
(2003, 'Mường Chà', 212),
(2004, 'Mường Mươn', 212),
(2005, 'Na Sang', 212),
(2006, 'Nậm Nèn', 212),
(2007, 'Pa Ham', 212),
(2008, 'Phình Sáng', 212),
(2009, 'Sáng Nhè', 212),
(2010, 'Xá Tổng', 212),
(2011, 'Huổi Só', 213),
(2012, 'Huổi Luông', 213),
(2013, 'Lao Xả Phình', 213),
(2014, 'Mường Đun', 213),
(2015, 'Mường Báng', 213),
(2016, 'Na Bai', 213),
(2017, 'Nậm Cuổi', 213),
(2018, 'Phình Giàng', 213),
(2019, 'Phình Sơn', 213),
(2020, 'Tả Ván', 213),
(2021, 'Chí Cà', 214),
(2022, 'Huổi Mo', 214),
(2023, 'Mùn Chung', 214),
(2024, 'Nà Tòng', 214),
(2025, 'Nà Sáy', 214),
(2026, 'Sắc Sỡ', 214),
(2027, 'Trung Thu', 214),
(2028, 'Tường Đan', 214),
(2029, 'Nậm Nhừ', 214),
(2030, 'Nậm Chà', 214),
(2031, 'Ba Hàng Đồi', 215),
(2032, 'Hồng Thái', 215),
(2033, 'Hua Thạnh', 215),
(2034, 'Mường Bú', 215),
(2035, 'Mường Chà', 215),
(2036, 'Mường Nưa', 215),
(2037, 'Nà Sáng', 215),
(2038, 'Nong U', 215),
(2039, 'Pác Khoang', 215),
(2040, 'Pắc Ma', 215),
(2041, 'Chiềng Sơ', 216),
(2042, 'Háng Đồi', 216),
(2043, 'Mường Lạn', 216),
(2044, 'Mường Pồn', 216),
(2045, 'Nậm Tin', 216),
(2046, 'Nậm Xây', 216),
(2047, 'Noong Luống', 216),
(2048, 'Pa Đô', 216),
(2049, 'Xa Dung', 216),
(2050, 'Xá Nhè', 216),
(2051, 'Huổi Có', 217),
(2052, 'Huổi Tụ', 217),
(2053, 'Lê Lợi', 217),
(2054, 'Mường Ảng', 217),
(2055, 'Nậm Kèo', 217),
(2056, 'Nậm Mả', 217),
(2057, 'Nậm Tỵ', 217),
(2058, 'Pá Vầy', 217),
(2059, 'Phìn Hồ', 217),
(2060, 'Si Pa Phìn', 217),
(2061, 'An Bình', 218),
(2062, 'An Hòa', 218),
(2063, 'Bửu Long', 218),
(2064, 'Bửu Phong', 218),
(2065, 'Long Bình', 218),
(2066, 'Long Bình Tân', 218),
(2067, 'Long Hưng', 218),
(2068, 'Quang Vinh', 218),
(2069, 'Tam Hiệp', 218),
(2070, 'Tam Hòa', 218),
(2071, 'Bàu Sen', 219),
(2072, 'Bàu Trâm', 219),
(2073, 'Bảo Quang', 219),
(2074, 'Dầu Giây', 219),
(2075, 'Dầu Tiếng', 219),
(2076, 'Hiếu Liêm', 219),
(2077, 'Lộ 25', 219),
(2078, 'Long An', 219),
(2079, 'Long Cang', 219),
(2080, 'Long Hòa', 219),
(2081, 'Dak Lua', 220),
(2082, 'Đồng Nai', 220),
(2083, 'Gia Kiệm', 220),
(2084, 'Phú Hòa', 220),
(2085, 'Phú Tân', 220),
(2086, 'Phú Túc', 220),
(2087, 'Phước An', 220),
(2088, 'Phước Thiền', 220),
(2089, 'Tân An', 220),
(2090, 'Tân Bình', 220),
(2091, 'Bình Ba', 221),
(2092, 'Bình Hòa', 221),
(2093, 'Bình Lợi', 221),
(2094, 'Hiếu Liêm', 221),
(2095, 'Mã Đà', 221),
(2096, 'Song An', 221),
(2097, 'Tân An', 221),
(2098, 'Tân Bình', 221),
(2099, 'Tân Lập', 221),
(2100, 'Thạnh Phú', 221),
(2101, 'Gia Canh', 222),
(2102, 'La Ngà', 222),
(2103, 'Ngọc Định', 222),
(2104, 'Phú Cường', 222),
(2105, 'Phú Hòa', 222),
(2106, 'Phú Tân', 222),
(2107, 'Phú Vinh', 222),
(2108, 'Suối Nho', 222),
(2109, 'Thanh Sơn', 222),
(2110, 'Thiện Tân', 222),
(2111, 'An Viễn', 223),
(2112, 'Bàu Hàm 2', 223),
(2113, 'Bình Minh', 223),
(2114, 'Cây Gáo', 223),
(2115, 'Đông Hoà', 223),
(2116, 'Giang Điền', 223),
(2117, 'Hố Nai 3', 223),
(2118, 'Long An', 223),
(2119, 'Long Đức', 223),
(2120, 'Lộc Sơn', 223),
(2121, 'Đồng Nai', 224),
(2122, 'Gia Kiệm', 224),
(2123, 'Gia Tân', 224),
(2124, 'Gia Thanh', 224),
(2125, 'Hưng Lộc', 224),
(2126, 'Lộ 10', 224),
(2127, 'Quang Trung', 224),
(2128, 'Sông Thao', 224),
(2129, 'Sông Trầu', 224),
(2130, 'Xuân Thạnh', 224),
(2131, 'An Phước', 225),
(2132, 'Bàu Cạn', 225),
(2133, 'Bàu Hàm', 225),
(2134, 'Bàu Hưng', 225),
(2135, 'Long An', 225),
(2136, 'Long Cang', 225),
(2137, 'Long Đức', 225),
(2138, 'Phước Bình', 225),
(2139, 'Phước Thái', 225),
(2140, 'Tam An', 225),
(2141, 'Bảo Hoà', 226),
(2142, 'Đồng Nai', 226),
(2143, 'Long Giao', 226),
(2144, 'Long Hòa', 226),
(2145, 'Long Tân', 226),
(2146, 'Long Thành Bắc', 226),
(2147, 'Phú Đông', 226),
(2148, 'Xuân Bắc', 226),
(2149, 'Xuân Đông', 226),
(2150, 'Xuân Tây', 226),
(2151, '1', 234),
(2152, '2', 234),
(2153, '3', 234),
(2154, '4', 234),
(2155, '5', 234),
(2156, '6', 234),
(2157, '7', 234),
(2158, '8', 234),
(2159, '9', 234),
(2160, '10', 234),
(2161, 'An Bình A', 235),
(2162, 'An Bình B', 235),
(2163, 'Bình Thạnh', 235),
(2164, 'Định Bình', 235),
(2165, 'Đồng Tháp', 235),
(2166, 'Hồng Ngự', 235),
(2167, 'Hương An', 235),
(2168, 'Lợi Bình Nghĩa Bình', 235),
(2169, 'Tân Hội Trung', 235),
(2170, 'Tân Long', 235),
(2171, 'Tân An Thạnh', 236),
(2172, 'Tân Bình', 236),
(2173, 'Tân Hồng', 236),
(2174, 'Tân Phú', 236),
(2175, 'Tân Thạnh', 236),
(2176, 'Tân Trung', 236),
(2177, 'Tân Long', 236),
(2178, 'Tân Hội', 236),
(2179, 'Tân Lược', 236),
(2180, 'Thạnh Bình', 236),
(2181, 'An Lạc', 237),
(2182, 'An Lộc', 237),
(2183, 'Bình Thạnh', 237),
(2184, 'Đồng Bước', 237),
(2185, 'Hòa Hiệp', 237),
(2186, 'Hồng Ngự', 237),
(2187, 'Hùng Thắng', 237),
(2188, 'Lạc Hòa', 237),
(2189, 'Lạc Sơn', 237),
(2190, 'Tân An', 237),
(2191, 'Điều Hoà', 238),
(2192, 'Đức Thành', 238),
(2193, 'Hoà An', 238),
(2194, 'Hoà Thành', 238),
(2195, 'Long Hiệp', 238),
(2196, 'Long Hòa', 238),
(2197, 'Long Tân', 238),
(2198, 'Phú Thịnh', 238),
(2199, 'Tân Hiệp', 238),
(2200, 'Thạnh Thới An', 238),
(2201, 'Đốc Binh Kiều', 239),
(2202, 'Đốc Binh Thuận', 239),
(2203, 'Mỹ An', 239),
(2204, 'Mỹ Hoà', 239),
(2205, 'Mỹ Quý', 239),
(2206, 'Mỹ Thạnh', 239),
(2207, 'Ngọc Đông', 239),
(2208, 'Ngọc Thành', 239),
(2209, 'Tân Kiều', 239),
(2210, 'Thạnh Lộc', 239),
(2211, 'An Hòa', 240),
(2212, 'Bình Hàng Tây', 240),
(2213, 'Bình Hàng Trung', 240),
(2214, 'Bình Hàng Đông', 240),
(2215, 'Mỹ Long', 240),
(2216, 'Mỹ Thọ', 240),
(2217, 'Mỹ Thuận', 240),
(2218, 'Mỹ An', 240),
(2219, 'Nhị Mỹ', 240),
(2220, 'Nhị Long', 240),
(2221, 'An Lạc', 241),
(2222, 'An Hòa', 241),
(2223, 'Bình Thành', 241),
(2224, 'Bình Thạnh', 241),
(2225, 'Hoà An', 241),
(2226, 'Long Hưng', 241),
(2227, 'Long Thành', 241),
(2228, 'Long Hoà', 241),
(2229, 'Thạnh Hòa', 241),
(2230, 'Vĩnh Thành', 241),
(2231, 'Định Hòa', 242),
(2232, 'Định Thành', 242),
(2233, 'Hòa Thành', 242),
(2234, 'Lai Vung', 242),
(2235, 'Long Hậu', 242),
(2236, 'Long Thắng', 242),
(2237, 'Phong Hòa', 242),
(2238, 'Tân Dương', 242),
(2239, 'Tân Hòa', 242),
(2240, 'Tân Phước', 242),
(2241, 'An Lương', 243),
(2242, 'An Nhơn', 243),
(2243, 'Châu Hòa', 243),
(2244, 'Châu Thành', 243),
(2245, 'Hồ Đắc Kiện', 243),
(2246, 'Phú Long', 243),
(2247, 'Phú Thạnh', 243),
(2248, 'Qúa Giáo', 243),
(2249, 'Tú An', 243),
(2250, 'Túc Trưng', 243),
(2251, 'Chi Lăng', 244),
(2252, 'Diên Hồng', 244),
(2253, 'Diên Phú', 244),
(2254, 'Đống Đa', 244),
(2255, 'Hội Thương', 244),
(2256, 'Ia Kring', 244),
(2257, 'Ia Kênh', 244),
(2258, 'Ia Kênh 1', 244),
(2259, 'Phù Đổng', 244),
(2260, 'Trà Bá', 244),
(2261, 'An Bình', 245),
(2262, 'An Khê', 245),
(2263, 'Cửu An', 245),
(2264, 'Song An', 245),
(2265, 'Xuân An', 245),
(2266, 'Đa Thành', 245),
(2267, 'Đồng An', 245),
(2268, 'Kim Tân', 245),
(2269, 'Xuân Hòa', 245);
INSERT INTO `wards` (`wards_id`, `name`, `district_id`) VALUES
(2270, 'Xuân Thành', 245),
(2271, 'An Bình', 246),
(2272, 'An Thành', 246),
(2273, 'Tân An', 246),
(2274, 'Ayun Pa', 246),
(2275, 'Ia Ake', 246),
(2276, 'Ia O', 246),
(2277, 'Ia Pia', 246),
(2278, 'Ia Sol', 246),
(2279, 'Ia Peng', 246),
(2280, 'Ia Yeng', 246),
(2281, 'Bình Thành', 247),
(2282, 'Chư Drăng', 247),
(2283, 'Chư Gu', 247),
(2284, 'Ia Khươl', 247),
(2285, 'Ia Me', 247),
(2286, 'Ia Nê', 247),
(2287, 'Ia Phang', 247),
(2288, 'Nghĩa An', 247),
(2289, 'Nghĩa Hòa', 247),
(2290, 'Nghĩa Phú', 247),
(2291, 'Ayun', 248),
(2292, 'Bàu Cạn', 248),
(2293, 'Chư PRông', 248),
(2294, 'Ia BLứ', 248),
(2295, 'Ia Drang', 248),
(2296, 'Ia Hla', 248),
(2297, 'Ia KRai', 248),
(2298, 'Ia Kênh', 248),
(2299, 'Ia Kly', 248),
(2300, 'Ia Kreng', 248),
(2301, 'Ayun Hạ', 249),
(2302, 'Chư Don', 249),
(2303, 'Chư Sê', 249),
(2304, 'Đak Jơ Ta', 249),
(2305, 'H Bông', 249),
(2306, 'Ia Blang', 249),
(2307, 'Ia Khương', 249),
(2308, 'Ia Po', 249),
(2309, 'Nhơn An', 249),
(2310, 'Nông Trang', 249),
(2311, 'Chư Pưh', 250),
(2312, 'Ia Bang', 250),
(2313, 'Ia Bá', 250),
(2314, 'Ia Boòng', 250),
(2315, 'Ia Gơ', 250),
(2316, 'Ia Lâu', 250),
(2317, 'Ia Me', 250),
(2318, 'Ia Mơ', 250),
(2319, 'Ia O', 250),
(2320, 'Ia Phìn', 250),
(2321, 'Chư Gu', 251),
(2322, 'Chư Ngọc', 251),
(2323, 'Ia Bâu', 251),
(2324, 'Ia Chia', 251),
(2325, 'Ia Dêr', 251),
(2326, 'Ia Grăng', 251),
(2327, 'Ia Khai', 251),
(2328, 'Ia Pa', 251),
(2329, 'Ia Sao', 251),
(2330, 'Ia Ya', 251),
(2331, 'Ia Bôn', 252),
(2332, 'Ia Drang', 252),
(2333, 'Ia Ka', 252),
(2334, 'Ia Kha', 252),
(2335, 'Ia Kiến', 252),
(2336, 'Ia Kla', 252),
(2337, 'Ia Krêl', 252),
(2338, 'Ia O', 252),
(2339, 'Ia Phi', 252),
(2340, 'Ia Trang', 252),
(2341, 'Chư KBô', 253),
(2342, 'Chư Măng', 253),
(2343, 'Đăng', 253),
(2344, 'KBang', 253),
(2345, 'Kông Lơng Khơng', 253),
(2346, 'Kông Pla', 253),
(2347, 'Lơ Ku', 253),
(2348, 'Nghĩa An', 253),
(2349, 'Tăng', 253),
(2350, 'Tà Tờ Nie', 253),
(2351, 'An Trung', 254),
(2352, 'Chư Krêy', 254),
(2353, 'Chư Pơng', 254),
(2354, 'Đak Xú', 254),
(2355, 'Kông Chro', 254),
(2356, 'Kông Yang', 254),
(2357, 'Lơ Nang', 254),
(2358, 'SRó', 254),
(2359, 'Xà Hồ', 254),
(2360, 'Yang Nam', 254),
(2361, 'Chư Cần', 255),
(2362, 'Chư La', 255),
(2363, 'Chư Đăng Ya', 255),
(2364, 'H Bông', 255),
(2365, 'Hà Bầu', 255),
(2366, 'Hà Đông', 255),
(2367, 'Hà Tam', 255),
(2368, 'Hải Đình', 255),
(2369, 'Phú Cần', 255),
(2370, 'Pờ Ê', 255),
(2371, 'Đắk Búk So', 256),
(2372, 'Đắk Ngo', 256),
(2373, 'Đắk R\'Cơ Mâm', 256),
(2374, 'Đắk Sơn', 256),
(2375, 'Nghĩa Tâm', 256),
(2376, 'Quảng Thịnh', 256),
(2377, 'Quảng Tín', 256),
(2378, 'Yang Trạch', 256),
(2379, 'Yang Tang', 256),
(2380, 'Yang Trình', 256),
(2381, 'Ia Bôn', 257),
(2382, 'Ia Drang', 257),
(2383, 'Ia Ka', 257),
(2384, 'Ia Kha', 257),
(2385, 'Ia Kiến', 257),
(2386, 'Ia Kla', 257),
(2387, 'Ia Krêl', 257),
(2388, 'Ia O', 257),
(2389, 'Ia Phi', 257),
(2390, 'Ia Trang', 257),
(2391, 'Ngọc Đường', 258),
(2392, 'Ngọc Vừng', 258),
(2393, 'Phương Tiến', 258),
(2394, 'Phương Độ', 258),
(2395, 'Quang Minh', 258),
(2396, 'Ngọc Minh', 258),
(2397, 'Vị Linh', 258),
(2398, 'Tân Lập', 258),
(2399, 'Vị Xuyên', 258),
(2400, 'Tân Tiến', 258),
(2401, 'Phố Cáo', 259),
(2402, 'Phố Là', 259),
(2403, 'Sảng Tủng', 259),
(2404, 'Sính Lủng', 259),
(2405, 'Sủng Là', 259),
(2406, 'Sủng Trái', 259),
(2407, 'Sủng Thài', 259),
(2408, 'Đồng Văn', 259),
(2409, 'Lũng Cú', 259),
(2410, 'Lũng Táo', 259),
(2411, 'Thuận Hoà', 260),
(2412, 'Phố Cáo', 260),
(2413, 'Mèo Vạc', 260),
(2414, 'Sơn Vĩ', 260),
(2415, 'Sủng Là', 260),
(2416, 'Sủng Tráng', 260),
(2417, 'Tả Lủng', 260),
(2418, 'Tả Phìn', 260),
(2419, 'Tả Ván', 260),
(2420, 'Xín Cái', 260),
(2421, 'Bạch Đích', 261),
(2422, 'Du Tiến', 261),
(2423, 'Du Già', 261),
(2424, 'Du Lý', 261),
(2425, 'Du Phong', 261),
(2426, 'Du Thào', 261),
(2427, 'Du Tiến', 261),
(2428, 'Hà Lụm', 261),
(2429, 'Lao Và Chải', 261),
(2430, 'Lũng Hồ', 261),
(2431, 'Bản Rịa', 262),
(2432, 'Bát Đại Sơn', 262),
(2433, 'Cán Cấu', 262),
(2434, 'Cao Mã Pờ', 262),
(2435, 'Cốc Pài', 262),
(2436, 'Đào Ván', 262),
(2437, 'Nội Thôn', 262),
(2438, 'Nậm Dịch', 262),
(2439, 'Nậm Khòa', 262),
(2440, 'Tùng Vài', 262),
(2441, 'Chính Lý', 263),
(2442, 'Cốc Ân', 263),
(2443, 'Kim Linh', 263),
(2444, 'Linh Hồ', 263),
(2445, 'Mậu Duệ', 263),
(2446, 'Minh Tân', 263),
(2447, 'Nhật Tân', 263),
(2448, 'Phong Quang', 263),
(2449, 'Phong Vân', 263),
(2450, 'Tân Tiến', 263),
(2451, 'Bình Lư', 264),
(2452, 'Lạc Nông', 264),
(2453, 'Mường Vị', 264),
(2454, 'Nậm Ban', 264),
(2455, 'Nậm Chạc', 264),
(2456, 'Nậm Côn', 264),
(2457, 'Nậm Hàng', 264),
(2458, 'Nậm Mả', 264),
(2459, 'Tả Lâm', 264),
(2460, 'Tả Nhìu', 264),
(2461, 'Bản Luốc', 265),
(2462, 'Chấn Thịnh', 265),
(2463, 'Đạo Đức', 265),
(2464, 'Độc Tôn', 265),
(2465, 'Hồ Thầu', 265),
(2466, 'Long Tùng', 265),
(2467, 'Ngọc Động', 265),
(2468, 'Ngọc Hiển', 265),
(2469, 'Ngọc Tâm', 265),
(2470, 'Phô Tráng', 265),
(2471, 'Bản Díu', 266),
(2472, 'Bản Ngò', 266),
(2473, 'Cao Thàng', 266),
(2474, 'Nàn Xỉn', 266),
(2475, 'Quang Ngọc', 266),
(2476, 'Tả Sử Choóng', 266),
(2477, 'Thèn Chu Phìn', 266),
(2478, 'Tùng Vài', 266),
(2479, 'Xín Mần', 266),
(2480, 'Xúm Ván', 266),
(2481, 'Bản Sen', 267),
(2482, 'Bình Lư', 267),
(2483, 'Đồng Ngoại', 267),
(2484, 'Giàng Chu Phìn', 267),
(2485, 'Lùng Cải', 267),
(2486, 'Lùng Phìn', 267),
(2487, 'Nậm Còn', 267),
(2488, 'Nậm Dần', 267),
(2489, 'Nậm Xây', 267),
(2490, 'Tả Vòng', 267),
(2491, 'Bạch Đằng', 268),
(2492, 'Châu Sơn', 268),
(2493, 'Dầu Dây', 268),
(2494, 'Dị Chế', 268),
(2495, 'Dơi', 268),
(2496, 'Hoàng Đồng', 268),
(2497, 'Kỳ Sơn', 268),
(2498, 'Liêm Tuyền', 268),
(2499, 'Liêu Xá', 268),
(2500, 'Ninh Khang', 268),
(2501, 'An Lão', 269),
(2502, 'Bạch Thủy', 269),
(2503, 'Duy Hải', 269),
(2504, 'Duy Minh', 269),
(2505, 'Duy Phú', 269),
(2506, 'Duy Thành', 269),
(2507, 'Duy Thái', 269),
(2508, 'Duy Thu', 269),
(2509, 'Duy Trung', 269),
(2510, 'Duy Vinh', 269),
(2511, 'Bát Tràng', 270),
(2512, 'Cơ Nhật', 270),
(2513, 'Đại Cương', 270),
(2514, 'Đình Cao', 270),
(2515, 'Hồ', 270),
(2516, 'Hồng Phong', 270),
(2517, 'Hương Gián', 270),
(2518, 'Kim Bảng', 270),
(2519, 'Lê Hồ', 270),
(2520, 'Liêu Xá', 270),
(2521, 'An Định', 271),
(2522, 'Bảo Thành', 271),
(2523, 'Bình Định', 271),
(2524, 'Chính Công', 271),
(2525, 'Chính Kê', 271),
(2526, 'Cương Chính', 271),
(2527, 'Dân Chủ', 271),
(2528, 'Đồng Lạc', 271),
(2529, 'Hợp Tiến', 271),
(2530, 'Lương Bằng', 271),
(2531, 'Bằng An', 272),
(2532, 'Công Bình', 272),
(2533, 'Chính Bình', 272),
(2534, 'Dạ Trạch', 272),
(2535, 'Định Bình', 272),
(2536, 'Đồng Bình', 272),
(2537, 'Gia Bình', 272),
(2538, 'Hiếu Bình', 272),
(2539, 'Hồ Bình', 272),
(2540, 'Hùng Bình', 272),
(2541, 'An Bình', 273),
(2542, 'Bình An', 273),
(2543, 'Bình Trưng', 273),
(2544, 'Chân Lý', 273),
(2545, 'Dân Lý', 273),
(2546, 'Đạo Lý', 273),
(2547, 'Hòa Hậu', 273),
(2548, 'Hậu Lý', 273),
(2549, 'Hiến Lâm', 273),
(2550, 'Hồng Lý', 273),
(2611, 'Bắc Hà', 274),
(2612, 'Bắc Hồng', 274),
(2613, 'Bắc Lý', 274),
(2614, 'Bắc Phong', 274),
(2615, 'Bắc Quang', 274),
(2616, 'Bắc Sơn', 274),
(2617, 'Bắc Trực', 274),
(2618, 'Bắc Vịnh', 274),
(2619, 'Bảo Ninh', 274),
(2620, 'Bảo Ninh Sơn', 274),
(2621, 'An Tôn', 275),
(2622, 'Bắc Hồng', 275),
(2623, 'Bắc Sơn', 275),
(2624, 'Bình Lâm', 275),
(2625, 'Bình Minh', 275),
(2626, 'Bình Ninh', 275),
(2627, 'Bình Tâm', 275),
(2628, 'Bình Thành', 275),
(2629, 'Bình Thuận', 275),
(2630, 'Bình Trung', 275),
(2631, 'An Hòa', 276),
(2632, 'Hòa Điền', 276),
(2633, 'Hòa Tiến', 276),
(2634, 'Hương Lâm', 276),
(2635, 'Hương Sơn', 276),
(2636, 'Hương Trà', 276),
(2637, 'Hương Xuân', 276),
(2638, 'Hương Đô', 276),
(2639, 'Hương Đồng', 276),
(2640, 'Hương Giang', 276),
(2641, 'Đức Hòa', 277),
(2642, 'Đức Lâm', 277),
(2643, 'Đức Lạc', 277),
(2644, 'Đức Thọ', 277),
(2645, 'Đức Thông', 277),
(2646, 'Đức Tín', 277),
(2647, 'Đức Trung', 277),
(2648, 'Lâm Giang', 277),
(2649, 'Phúc Thọ', 277),
(2650, 'Tân Hương', 277),
(2651, 'Cỗ Đạt', 278),
(2652, 'Hồng Đức', 278),
(2653, 'Hương Đô', 278),
(2654, 'Nghi Xuân', 278),
(2655, 'Nghĩa Bình', 278),
(2656, 'Nghĩa Đức', 278),
(2657, 'Nghĩa Hội', 278),
(2658, 'Nghĩa Kỳ', 278),
(2659, 'Xuân An', 278),
(2660, 'Xuân Đan', 278),
(2661, 'Bắc Lý', 279),
(2662, 'Hồng Lạc', 279),
(2663, 'Hồng Lĩnh', 279),
(2664, 'Hồng Quang', 279),
(2665, 'Hồng Thái', 279),
(2666, 'Hồng Vân', 279),
(2667, 'Lộc Hòa', 279),
(2668, 'Lộc Ninh', 279),
(2669, 'Lộc Thủy', 279),
(2670, 'Lộc Thắng', 279),
(2671, 'Điền Mỹ', 280),
(2672, 'Hương Bình', 280),
(2673, 'Hương Châu', 280),
(2674, 'Hương Đô', 280),
(2675, 'Hương Giang', 280),
(2676, 'Hương Khê', 280),
(2677, 'Hương Lạc', 280),
(2678, 'Hương Liên', 280),
(2679, 'Hương Lộc', 280),
(2680, 'Hương Phong', 280),
(2681, 'Bắc Bình', 281),
(2682, 'Hà Kỳ', 281),
(2683, 'Hòa Bình', 281),
(2684, 'Hương Bình', 281),
(2685, 'Hương Châu', 281),
(2686, 'Hương Giang', 281),
(2687, 'Hương Minh', 281),
(2688, 'Hương Nha', 281),
(2689, 'Hương Thọ', 281),
(2690, 'Hương Thủy', 281),
(2691, 'Cẩm Duệ', 282),
(2692, 'Cẩm Dương', 282),
(2693, 'Cẩm Hà', 282),
(2694, 'Cẩm Liên', 282),
(2695, 'Cẩm Long', 282),
(2696, 'Cẩm Lĩnh', 282),
(2697, 'Cẩm Minh', 282),
(2698, 'Cẩm Mỹ', 282),
(2699, 'Cẩm Nhượng', 282),
(2700, 'Cẩm Phú', 282),
(2701, 'Ái Quốc', 283),
(2702, 'An Hòa', 283),
(2703, 'Cẩm Thượng', 283),
(2704, 'Đại An', 283),
(2705, 'Đạo Trù', 283),
(2706, 'Gia Xuyên', 283),
(2707, 'Lê Thanh Nghị', 283),
(2708, 'Lê Thanh Tông', 283),
(2709, 'Ngô Quyền', 283),
(2710, 'Nguyễn Huệ', 283),
(2711, 'An Lạc', 284),
(2712, 'An Lập', 284),
(2713, 'Bình Minh', 284),
(2714, 'Bình Phục', 284),
(2715, 'Cẩm Điền', 284),
(2716, 'Chí Minh', 284),
(2717, 'Chí Viễn', 284),
(2718, 'Dũng Nghĩa', 284),
(2719, 'Đại Đức', 284),
(2720, 'Hòa Long', 284),
(2721, 'An Bình', 285),
(2722, 'An Lâm', 285),
(2723, 'An Sơn', 285),
(2724, 'Cộng Hòa', 285),
(2725, 'Hồng Phong', 285),
(2726, 'Hồng Phúc', 285),
(2727, 'Hợp Đức', 285),
(2728, 'Hợp Lý', 285),
(2729, 'Minh Tân', 285),
(2730, 'Quốc Tuấn', 285),
(2731, 'An Phụ', 286),
(2732, 'Đồng Lạc', 286),
(2733, 'Đồng Thanh', 286),
(2734, 'Hiến Thành', 286),
(2735, 'Hòa An', 286),
(2736, 'Hòa Tuân', 286),
(2737, 'Kinh Dương', 286),
(2738, 'Quang Hưng', 286),
(2739, 'Quang Khải', 286),
(2740, 'Thái Dương', 286),
(2741, 'An Lương', 287),
(2742, 'An Thanh', 287),
(2743, 'Bồng Lai', 287),
(2744, 'Cao Thắng', 287),
(2745, 'Đại Cường', 287),
(2746, 'Đoàn Đào', 287),
(2747, 'Dũng Nghiệp', 287),
(2748, 'Duy Tân', 287),
(2749, 'Gia Đức', 287),
(2750, 'Hiến Nam', 287),
(2751, 'Cao An', 288),
(2752, 'Cẩm Điền', 288),
(2753, 'Cẩm Đoài', 288),
(2754, 'Cẩm Giang', 288),
(2755, 'Cẩm Phúc', 288),
(2756, 'Cẩm Sơn', 288),
(2757, 'Cẩm Xuyên', 288),
(2758, 'Cẩm Đông', 288),
(2759, 'Cẩm Định', 288),
(2760, 'Cẩm Lĩnh', 288),
(2761, 'An Lư', 289),
(2762, 'Bình Dân', 289),
(2763, 'Cổ Bi', 289),
(2764, 'Đồng Tâm', 289),
(2765, 'Hồng Khê', 289),
(2766, 'Hồng Minh', 289),
(2767, 'Hồng Phong', 289),
(2768, 'Hồng Thái', 289),
(2769, 'Hồng Thịnh', 289),
(2770, 'Hồng Vân', 289),
(2771, 'An Bình', 290),
(2772, 'An Đức', 290),
(2773, 'An Phượng', 290),
(2774, 'Bình Dương', 290),
(2775, 'Bình Minh', 290),
(2776, 'Bình Xuyên', 290),
(2777, 'Bình Định', 290),
(2778, 'Cổ Đô', 290),
(2779, 'Đạo Viện', 290),
(2780, 'Đồng Quang', 290),
(2781, 'Bạch Đằng', 291),
(2782, 'Bình Dân', 291),
(2783, 'Bình Hồng', 291),
(2784, 'Bình Thành', 291),
(2785, 'Bình Xuyên', 291),
(2786, 'Bình Đức', 291),
(2787, 'Cộng Hòa', 291),
(2788, 'Đại Đồng', 291),
(2789, 'Đại Hồng', 291),
(2790, 'Đồng Kỳ', 291),
(2791, 'An Đức', 292),
(2792, 'An Thịnh', 292),
(2793, 'Công Bằng', 292),
(2794, 'Đa Lộc', 292),
(2795, 'Đại Hưng', 292),
(2796, 'Đại Thắng', 292),
(2797, 'Đình Bảng', 292),
(2798, 'Hòa Long', 292),
(2799, 'Hồng Đức', 292),
(2800, 'Hồng Phong', 292),
(2801, 'An Phượng', 293),
(2802, 'Cổ Dũng', 293),
(2803, 'Cộng Lạc', 293),
(2804, 'Cộng Lễ', 293),
(2805, 'Cộng Minh', 293),
(2806, 'Hồng Lạc', 293),
(2807, 'Hồng Minh', 293),
(2808, 'Hồng Phong', 293),
(2809, 'Hồng Quang', 293),
(2810, 'Hồng Sơn', 293),
(2811, '1', 294),
(2812, '2', 294),
(2813, '3', 294),
(2814, '4', 294),
(2815, '5', 294),
(2816, '6', 294),
(2817, '7', 294),
(2818, '8', 294),
(2819, '9', 294),
(2820, '10', 294),
(2821, 'Hiệp Lợi', 295),
(2822, 'Hiệp Thành', 295),
(2823, 'Lái Hiếu', 295),
(2824, 'Long Thạnh', 295),
(2825, 'Mỹ An', 295),
(2826, 'Mỹ Đức', 295),
(2827, 'Mỹ Hòa', 295),
(2828, 'Mỹ Long', 295),
(2829, 'Mỹ Thạnh', 295),
(2830, 'Mỹ Xương', 295),
(2831, 'Thuận An', 296),
(2832, 'Thuận Hòa', 296),
(2833, 'Thuận Hưng', 296),
(2834, 'Thuận Lợi', 296),
(2835, 'Thuận Phú', 296),
(2836, 'Thuận Thới', 296),
(2837, 'Thạnh Quới', 296),
(2838, 'Thạnh Thới An', 296),
(2839, 'Thạnh Thới Thuận', 296),
(2840, 'Thạnh Trị', 296),
(2841, 'Hòa Thuận', 297),
(2842, 'Tân Bình', 297),
(2843, 'Tân Thuận', 297),
(2844, 'Thạnh Phú', 297),
(2845, 'Vị Bình', 297),
(2846, 'Vị Đông', 297),
(2847, 'Vị Thắng', 297),
(2848, 'Vị Thanh', 297),
(2849, 'Vị Thủy', 297),
(2850, 'Vị Trí', 297);

--
-- Chỉ mục cho các bảng đã đổ
--

--
-- Chỉ mục cho bảng `account_type`
--
ALTER TABLE `account_type`
  ADD PRIMARY KEY (`type_account_id`);

--
-- Chỉ mục cho bảng `discount`
--
ALTER TABLE `discount`
  ADD PRIMARY KEY (`discount_id`),
  ADD KEY `FK_discount_users` (`created_by_user_id`);

--
-- Chỉ mục cho bảng `districts`
--
ALTER TABLE `districts`
  ADD PRIMARY KEY (`districts_id`),
  ADD KEY `FK_districts_provinces` (`province_id`);

--
-- Chỉ mục cho bảng `field`
--
ALTER TABLE `field`
  ADD PRIMARY KEY (`field_id`);

--
-- Chỉ mục cho bảng `notification`
--
ALTER TABLE `notification`
  ADD PRIMARY KEY (`notification_id`),
  ADD KEY `FK_notification_users` (`user_id`);

--
-- Chỉ mục cho bảng `order`
--
ALTER TABLE `order`
  ADD PRIMARY KEY (`order_id`),
  ADD KEY `order_user_id_foreign` (`user_id`),
  ADD KEY `order_order_status_id_foreign` (`order_status_id`),
  ADD KEY `order_shipping_method_id_foreign` (`shipping_method_id`),
  ADD KEY `FK_order_users` (`shop_id`);

--
-- Chỉ mục cho bảng `order_items`
--
ALTER TABLE `order_items`
  ADD PRIMARY KEY (`order_items_id`),
  ADD KEY `order_items_order_id_foreign` (`order_id`),
  ADD KEY `order_items_product_id_foreign` (`product_id`);

--
-- Chỉ mục cho bảng `order_status`
--
ALTER TABLE `order_status`
  ADD PRIMARY KEY (`order_status_id`);

--
-- Chỉ mục cho bảng `payment_type`
--
ALTER TABLE `payment_type`
  ADD PRIMARY KEY (`payment_type_id`);

--
-- Chỉ mục cho bảng `personal_access_tokens`
--
ALTER TABLE `personal_access_tokens`
  ADD PRIMARY KEY (`id`);

--
-- Chỉ mục cho bảng `product`
--
ALTER TABLE `product`
  ADD PRIMARY KEY (`product_id`),
  ADD KEY `product_discount_id_foreign` (`discount_id`),
  ADD KEY `product_product_brand_id_foreign` (`product_brand_id`),
  ADD KEY `product_product_category_id_foreign` (`product_category_id`),
  ADD KEY `FK_product_users` (`created_by_user_id`);

--
-- Chỉ mục cho bảng `product_brand`
--
ALTER TABLE `product_brand`
  ADD PRIMARY KEY (`product_brand_id`),
  ADD KEY `FK_product_brand_field` (`field_id`);

--
-- Chỉ mục cho bảng `product_category`
--
ALTER TABLE `product_category`
  ADD PRIMARY KEY (`product_category_id`),
  ADD KEY `FK_product_category_field` (`field_id`);

--
-- Chỉ mục cho bảng `product_color`
--
ALTER TABLE `product_color`
  ADD PRIMARY KEY (`color_id`),
  ADD KEY `FK_product_color_product` (`product_id`);

--
-- Chỉ mục cho bảng `product_image`
--
ALTER TABLE `product_image`
  ADD PRIMARY KEY (`image_id`),
  ADD KEY `product_image_product_id_foreign` (`product_id`);

--
-- Chỉ mục cho bảng `product_review`
--
ALTER TABLE `product_review`
  ADD PRIMARY KEY (`product_review_id`),
  ADD KEY `product_review_user_id_foreign` (`user_id`),
  ADD KEY `product_review_product_id_foreign` (`product_id`);

--
-- Chỉ mục cho bảng `product_size`
--
ALTER TABLE `product_size`
  ADD PRIMARY KEY (`size_id`),
  ADD KEY `FK_product_size_product` (`product_id`);

--
-- Chỉ mục cho bảng `provinces`
--
ALTER TABLE `provinces`
  ADD PRIMARY KEY (`province_id`);

--
-- Chỉ mục cho bảng `search_history`
--
ALTER TABLE `search_history`
  ADD PRIMARY KEY (`search_history_id`),
  ADD KEY `FK_search_history_users` (`user_id`);

--
-- Chỉ mục cho bảng `shipping_method`
--
ALTER TABLE `shipping_method`
  ADD PRIMARY KEY (`shipping_method_id`);

--
-- Chỉ mục cho bảng `shopping_cart`
--
ALTER TABLE `shopping_cart`
  ADD PRIMARY KEY (`shopping_cart_id`),
  ADD KEY `shopping_cart_user_id_foreign` (`user_id`),
  ADD KEY `shopping_cart_product_id_foreign` (`product_id`);

--
-- Chỉ mục cho bảng `transaction`
--
ALTER TABLE `transaction`
  ADD PRIMARY KEY (`transaction_id`),
  ADD KEY `transaction_buyer_id_foreign` (`buyer_id`),
  ADD KEY `transaction_seller_id_foreign` (`seller_id`),
  ADD KEY `transaction_order_id_foreign` (`order_id`),
  ADD KEY `transaction_payment_id_foreign` (`payment_id`);

--
-- Chỉ mục cho bảng `users`
--
ALTER TABLE `users`
  ADD PRIMARY KEY (`user_id`),
  ADD UNIQUE KEY `users_email_unique` (`email`),
  ADD KEY `users_type_account_id_foreign` (`type_account_id`);

--
-- Chỉ mục cho bảng `user_address`
--
ALTER TABLE `user_address`
  ADD PRIMARY KEY (`user_address_id`),
  ADD KEY `user_address_user_id_foreign` (`user_id`);

--
-- Chỉ mục cho bảng `user_payment`
--
ALTER TABLE `user_payment`
  ADD PRIMARY KEY (`payment_id`),
  ADD KEY `user_payment_user_id_foreign` (`user_id`),
  ADD KEY `user_payment_payment_type_id_foreign` (`payment_type_id`);

--
-- Chỉ mục cho bảng `wards`
--
ALTER TABLE `wards`
  ADD PRIMARY KEY (`wards_id`),
  ADD KEY `FK_wards_districts` (`district_id`);

--
-- AUTO_INCREMENT cho các bảng đã đổ
--

--
-- AUTO_INCREMENT cho bảng `account_type`
--
ALTER TABLE `account_type`
  MODIFY `type_account_id` bigint(20) UNSIGNED NOT NULL AUTO_INCREMENT, AUTO_INCREMENT=4;

--
-- AUTO_INCREMENT cho bảng `discount`
--
ALTER TABLE `discount`
  MODIFY `discount_id` bigint(20) UNSIGNED NOT NULL AUTO_INCREMENT, AUTO_INCREMENT=4;

--
-- AUTO_INCREMENT cho bảng `field`
--
ALTER TABLE `field`
  MODIFY `field_id` bigint(20) UNSIGNED NOT NULL AUTO_INCREMENT, AUTO_INCREMENT=12;

--
-- AUTO_INCREMENT cho bảng `notification`
--
ALTER TABLE `notification`
  MODIFY `notification_id` bigint(20) UNSIGNED NOT NULL AUTO_INCREMENT, AUTO_INCREMENT=2;

--
-- AUTO_INCREMENT cho bảng `order`
--
ALTER TABLE `order`
  MODIFY `order_id` bigint(20) UNSIGNED NOT NULL AUTO_INCREMENT, AUTO_INCREMENT=93;

--
-- AUTO_INCREMENT cho bảng `order_items`
--
ALTER TABLE `order_items`
  MODIFY `order_items_id` bigint(20) UNSIGNED NOT NULL AUTO_INCREMENT, AUTO_INCREMENT=66;

--
-- AUTO_INCREMENT cho bảng `order_status`
--
ALTER TABLE `order_status`
  MODIFY `order_status_id` bigint(20) UNSIGNED NOT NULL AUTO_INCREMENT, AUTO_INCREMENT=5;

--
-- AUTO_INCREMENT cho bảng `payment_type`
--
ALTER TABLE `payment_type`
  MODIFY `payment_type_id` bigint(20) UNSIGNED NOT NULL AUTO_INCREMENT, AUTO_INCREMENT=3;

--
-- AUTO_INCREMENT cho bảng `personal_access_tokens`
--
ALTER TABLE `personal_access_tokens`
  MODIFY `id` bigint(20) UNSIGNED NOT NULL AUTO_INCREMENT, AUTO_INCREMENT=67;

--
-- AUTO_INCREMENT cho bảng `product`
--
ALTER TABLE `product`
  MODIFY `product_id` bigint(20) UNSIGNED NOT NULL AUTO_INCREMENT, AUTO_INCREMENT=735;

--
-- AUTO_INCREMENT cho bảng `product_brand`
--
ALTER TABLE `product_brand`
  MODIFY `product_brand_id` bigint(20) UNSIGNED NOT NULL AUTO_INCREMENT, AUTO_INCREMENT=1112;

--
-- AUTO_INCREMENT cho bảng `product_category`
--
ALTER TABLE `product_category`
  MODIFY `product_category_id` bigint(20) UNSIGNED NOT NULL AUTO_INCREMENT, AUTO_INCREMENT=101;

--
-- AUTO_INCREMENT cho bảng `product_color`
--
ALTER TABLE `product_color`
  MODIFY `color_id` bigint(20) UNSIGNED NOT NULL AUTO_INCREMENT, AUTO_INCREMENT=76;

--
-- AUTO_INCREMENT cho bảng `product_image`
--
ALTER TABLE `product_image`
  MODIFY `image_id` bigint(20) UNSIGNED NOT NULL AUTO_INCREMENT, AUTO_INCREMENT=104;

--
-- AUTO_INCREMENT cho bảng `product_review`
--
ALTER TABLE `product_review`
  MODIFY `product_review_id` bigint(20) UNSIGNED NOT NULL AUTO_INCREMENT, AUTO_INCREMENT=213;

--
-- AUTO_INCREMENT cho bảng `product_size`
--
ALTER TABLE `product_size`
  MODIFY `size_id` bigint(20) UNSIGNED NOT NULL AUTO_INCREMENT, AUTO_INCREMENT=80;

--
-- AUTO_INCREMENT cho bảng `provinces`
--
ALTER TABLE `provinces`
  MODIFY `province_id` bigint(20) UNSIGNED NOT NULL AUTO_INCREMENT, AUTO_INCREMENT=31;

--
-- AUTO_INCREMENT cho bảng `search_history`
--
ALTER TABLE `search_history`
  MODIFY `search_history_id` bigint(20) UNSIGNED NOT NULL AUTO_INCREMENT, AUTO_INCREMENT=51;

--
-- AUTO_INCREMENT cho bảng `shipping_method`
--
ALTER TABLE `shipping_method`
  MODIFY `shipping_method_id` bigint(20) UNSIGNED NOT NULL AUTO_INCREMENT, AUTO_INCREMENT=4;

--
-- AUTO_INCREMENT cho bảng `shopping_cart`
--
ALTER TABLE `shopping_cart`
  MODIFY `shopping_cart_id` bigint(20) UNSIGNED NOT NULL AUTO_INCREMENT, AUTO_INCREMENT=46;

--
-- AUTO_INCREMENT cho bảng `transaction`
--
ALTER TABLE `transaction`
  MODIFY `transaction_id` bigint(20) UNSIGNED NOT NULL AUTO_INCREMENT, AUTO_INCREMENT=7;

--
-- AUTO_INCREMENT cho bảng `users`
--
ALTER TABLE `users`
  MODIFY `user_id` bigint(20) UNSIGNED NOT NULL AUTO_INCREMENT, AUTO_INCREMENT=74;

--
-- AUTO_INCREMENT cho bảng `user_address`
--
ALTER TABLE `user_address`
  MODIFY `user_address_id` bigint(20) UNSIGNED NOT NULL AUTO_INCREMENT, AUTO_INCREMENT=34;

--
-- AUTO_INCREMENT cho bảng `user_payment`
--
ALTER TABLE `user_payment`
  MODIFY `payment_id` bigint(20) UNSIGNED NOT NULL AUTO_INCREMENT, AUTO_INCREMENT=3;

--
-- AUTO_INCREMENT cho bảng `wards`
--
ALTER TABLE `wards`
  MODIFY `wards_id` bigint(20) UNSIGNED NOT NULL AUTO_INCREMENT, AUTO_INCREMENT=2851;

--
-- Các ràng buộc cho các bảng đã đổ
--

--
-- Các ràng buộc cho bảng `discount`
--
ALTER TABLE `discount`
  ADD CONSTRAINT `FK_discount_users` FOREIGN KEY (`created_by_user_id`) REFERENCES `users` (`user_id`) ON DELETE CASCADE ON UPDATE CASCADE;

--
-- Các ràng buộc cho bảng `districts`
--
ALTER TABLE `districts`
  ADD CONSTRAINT `FK_districts_provinces` FOREIGN KEY (`province_id`) REFERENCES `provinces` (`province_id`) ON DELETE CASCADE ON UPDATE CASCADE;

--
-- Các ràng buộc cho bảng `notification`
--
ALTER TABLE `notification`
  ADD CONSTRAINT `FK_notification_users` FOREIGN KEY (`user_id`) REFERENCES `users` (`user_id`) ON DELETE NO ACTION ON UPDATE NO ACTION;

--
-- Các ràng buộc cho bảng `order`
--
ALTER TABLE `order`
  ADD CONSTRAINT `FK_order_users` FOREIGN KEY (`shop_id`) REFERENCES `users` (`user_id`) ON DELETE CASCADE ON UPDATE CASCADE,
  ADD CONSTRAINT `order_order_status_id_foreign` FOREIGN KEY (`order_status_id`) REFERENCES `order_status` (`order_status_id`) ON DELETE CASCADE ON UPDATE CASCADE,
  ADD CONSTRAINT `order_shipping_method_id_foreign` FOREIGN KEY (`shipping_method_id`) REFERENCES `shipping_method` (`shipping_method_id`) ON DELETE CASCADE ON UPDATE CASCADE,
  ADD CONSTRAINT `order_user_id_foreign` FOREIGN KEY (`user_id`) REFERENCES `users` (`user_id`) ON DELETE CASCADE ON UPDATE CASCADE;

--
-- Các ràng buộc cho bảng `order_items`
--
ALTER TABLE `order_items`
  ADD CONSTRAINT `order_items_order_id_foreign` FOREIGN KEY (`order_id`) REFERENCES `order` (`order_id`) ON DELETE CASCADE ON UPDATE CASCADE,
  ADD CONSTRAINT `order_items_product_id_foreign` FOREIGN KEY (`product_id`) REFERENCES `product` (`product_id`) ON DELETE CASCADE ON UPDATE CASCADE;

--
-- Các ràng buộc cho bảng `product`
--
ALTER TABLE `product`
  ADD CONSTRAINT `FK_product_users` FOREIGN KEY (`created_by_user_id`) REFERENCES `users` (`user_id`) ON DELETE CASCADE ON UPDATE CASCADE,
  ADD CONSTRAINT `FK_product_users_2` FOREIGN KEY (`created_by_user_id`) REFERENCES `users` (`user_id`) ON DELETE CASCADE ON UPDATE CASCADE,
  ADD CONSTRAINT `product_discount_id_foreign` FOREIGN KEY (`discount_id`) REFERENCES `discount` (`discount_id`) ON DELETE CASCADE ON UPDATE CASCADE,
  ADD CONSTRAINT `product_product_brand_id_foreign` FOREIGN KEY (`product_brand_id`) REFERENCES `product_brand` (`product_brand_id`) ON DELETE CASCADE ON UPDATE CASCADE,
  ADD CONSTRAINT `product_product_category_id_foreign` FOREIGN KEY (`product_category_id`) REFERENCES `product_category` (`product_category_id`) ON DELETE CASCADE ON UPDATE CASCADE;

--
-- Các ràng buộc cho bảng `product_brand`
--
ALTER TABLE `product_brand`
  ADD CONSTRAINT `FK_product_brand_field` FOREIGN KEY (`field_id`) REFERENCES `field` (`field_id`) ON DELETE CASCADE ON UPDATE CASCADE;

--
-- Các ràng buộc cho bảng `product_category`
--
ALTER TABLE `product_category`
  ADD CONSTRAINT `FK_product_category_field` FOREIGN KEY (`field_id`) REFERENCES `field` (`field_id`) ON DELETE CASCADE ON UPDATE CASCADE;

--
-- Các ràng buộc cho bảng `product_color`
--
ALTER TABLE `product_color`
  ADD CONSTRAINT `FK_product_color_product` FOREIGN KEY (`product_id`) REFERENCES `product` (`product_id`) ON DELETE CASCADE ON UPDATE CASCADE;

--
-- Các ràng buộc cho bảng `product_image`
--
ALTER TABLE `product_image`
  ADD CONSTRAINT `product_image_product_id_foreign` FOREIGN KEY (`product_id`) REFERENCES `product` (`product_id`) ON DELETE CASCADE ON UPDATE CASCADE;

--
-- Các ràng buộc cho bảng `product_review`
--
ALTER TABLE `product_review`
  ADD CONSTRAINT `product_review_product_id_foreign` FOREIGN KEY (`product_id`) REFERENCES `product` (`product_id`) ON DELETE CASCADE ON UPDATE CASCADE,
  ADD CONSTRAINT `product_review_user_id_foreign` FOREIGN KEY (`user_id`) REFERENCES `users` (`user_id`) ON DELETE CASCADE ON UPDATE CASCADE;

--
-- Các ràng buộc cho bảng `product_size`
--
ALTER TABLE `product_size`
  ADD CONSTRAINT `FK_product_size_product` FOREIGN KEY (`product_id`) REFERENCES `product` (`product_id`) ON DELETE CASCADE ON UPDATE CASCADE;

--
-- Các ràng buộc cho bảng `search_history`
--
ALTER TABLE `search_history`
  ADD CONSTRAINT `FK_search_history_users` FOREIGN KEY (`user_id`) REFERENCES `users` (`user_id`) ON DELETE CASCADE ON UPDATE CASCADE;

--
-- Các ràng buộc cho bảng `shopping_cart`
--
ALTER TABLE `shopping_cart`
  ADD CONSTRAINT `shopping_cart_product_id_foreign` FOREIGN KEY (`product_id`) REFERENCES `product` (`product_id`) ON DELETE CASCADE ON UPDATE CASCADE,
  ADD CONSTRAINT `shopping_cart_user_id_foreign` FOREIGN KEY (`user_id`) REFERENCES `users` (`user_id`) ON DELETE CASCADE ON UPDATE CASCADE;

--
-- Các ràng buộc cho bảng `transaction`
--
ALTER TABLE `transaction`
  ADD CONSTRAINT `FK_transaction_payment_type` FOREIGN KEY (`payment_id`) REFERENCES `payment_type` (`payment_type_id`) ON DELETE CASCADE ON UPDATE CASCADE,
  ADD CONSTRAINT `transaction_buyer_id_foreign` FOREIGN KEY (`buyer_id`) REFERENCES `users` (`user_id`) ON DELETE CASCADE ON UPDATE CASCADE,
  ADD CONSTRAINT `transaction_order_id_foreign` FOREIGN KEY (`order_id`) REFERENCES `order` (`order_id`) ON DELETE CASCADE ON UPDATE CASCADE,
  ADD CONSTRAINT `transaction_seller_id_foreign` FOREIGN KEY (`seller_id`) REFERENCES `users` (`user_id`) ON DELETE CASCADE ON UPDATE CASCADE;

--
-- Các ràng buộc cho bảng `users`
--
ALTER TABLE `users`
  ADD CONSTRAINT `users_type_account_id_foreign` FOREIGN KEY (`type_account_id`) REFERENCES `account_type` (`type_account_id`) ON DELETE CASCADE ON UPDATE CASCADE;

--
-- Các ràng buộc cho bảng `user_address`
--
ALTER TABLE `user_address`
  ADD CONSTRAINT `user_address_user_id_foreign` FOREIGN KEY (`user_id`) REFERENCES `users` (`user_id`) ON DELETE CASCADE ON UPDATE CASCADE;

--
-- Các ràng buộc cho bảng `user_payment`
--
ALTER TABLE `user_payment`
  ADD CONSTRAINT `user_payment_payment_type_id_foreign` FOREIGN KEY (`payment_type_id`) REFERENCES `payment_type` (`payment_type_id`) ON DELETE CASCADE ON UPDATE CASCADE,
  ADD CONSTRAINT `user_payment_user_id_foreign` FOREIGN KEY (`user_id`) REFERENCES `users` (`user_id`) ON DELETE CASCADE ON UPDATE CASCADE;

--
-- Các ràng buộc cho bảng `wards`
--
ALTER TABLE `wards`
  ADD CONSTRAINT `FK_wards_districts` FOREIGN KEY (`district_id`) REFERENCES `districts` (`districts_id`) ON DELETE CASCADE ON UPDATE CASCADE;
COMMIT;

/*!40101 SET CHARACTER_SET_CLIENT=@OLD_CHARACTER_SET_CLIENT */;
/*!40101 SET CHARACTER_SET_RESULTS=@OLD_CHARACTER_SET_RESULTS */;
/*!40101 SET COLLATION_CONNECTION=@OLD_COLLATION_CONNECTION */;
